categoria,descripcion,imagen,marca,nombre,precio,sub_categoria,tipo_producto,url
tecnologia,,//home.ripley.com.pe/Attachment/WOP_5/2018215750397/2018215750397_2.jpg,SAMSUNG,SAMSUNG SMART TV UHD 55NU7090 55'',"S/ 2,499",tv-video,tv,https://simple.ripley.com.pe/tv-y-video/televisores/ver-todo-tv?source=menu
tecnologia,,//home.ripley.com.pe/Attachment/WOP_5/2018224049819/2018224049819_2.jpg,LG,"LG SMART TV FULL HD 49"" 49LK5400","S/ 1,399",tv-video,tv,https://simple.ripley.com.pe/tv-y-video/televisores/ver-todo-tv?source=menu
tecnologia,,//home.ripley.com.pe/Attachment/WOP_5/2018214464745/2018214464745_2.jpg,SAMSUNG,"SAMSUNG SMART TV UHD 58"" 58NU7100","S/ 3,299",tv-video,tv,https://simple.ripley.com.pe/tv-y-video/televisores/ver-todo-tv?source=menu
tecnologia,,//home.ripley.com.pe/Attachment/WOP_5/2018211814932/2018211814932_2.jpg,LG,"LG SMART TV UHD 43"" 43UK6300PSB","S/ 1,499",tv-video,tv,https://simple.ripley.com.pe/tv-y-video/televisores/ver-todo-tv?source=menu
tecnologia,,//home.ripley.com.pe/Attachment/WOP_5/2018217347915/2018217347915_2.jpg,SAMSUNG,SAMSUNG SMART TV UHD 43'' 43NU7090,"S/ 1,599",tv-video,tv,https://simple.ripley.com.pe/tv-y-video/televisores/ver-todo-tv?source=menu
tecnologia,,//home.ripley.com.pe/Attachment/WOP/2018176087655/2018176087655_2.jpg,SONY,"SONY LED 48"" Full HD Smart TV KDL-48W655D LA8","S/ 2,699",tv-video,tv,https://simple.ripley.com.pe/tv-y-video/televisores/ver-todo-tv?source=menu
tecnologia,,//home.ripley.com.pe/Attachment/WOP_5/2018211814918/2018211814918_2.jpg,LG,"LG SMART TV LED FULL HD 43"" 43LK5700PSC","S/ 1,299",tv-video,tv,https://simple.ripley.com.pe/tv-y-video/televisores/ver-todo-tv?source=menu
tecnologia,,//home.ripley.com.pe/Attachment/WOP_5/2018215750410/2018215750410_2.jpg,SAMSUNG,SAMSUNG SMART TV UHD 50NU7090 50'',"S/ 1,999",tv-video,tv,https://simple.ripley.com.pe/tv-y-video/televisores/ver-todo-tv?source=menu
tecnologia,,//home.ripley.com.pe/Attachment/WOP_5/2018211814949/2018211814949_2.jpg,LG,"LG SMART TV UHD 50"" 50UK6300PSB","S/ 2,099",tv-video,tv,https://simple.ripley.com.pe/tv-y-video/televisores/ver-todo-tv?source=menu
tecnologia,,//home.ripley.com.pe/Attachment/WOP_5/2018212725756/2018212725756_2.jpg,SAMSUNG,"SAMSUNG SMART TV UHD 55"" CURVO 55NU7300","S/ 3,299",tv-video,tv,https://simple.ripley.com.pe/tv-y-video/televisores/ver-todo-tv?source=menu
tecnologia,,//home.ripley.com.pe/Attachment/WOP_5/2018211814987/2018211814987_2.jpg,LG,"LG SMART TV UHD 55"" 55UK6550PSB","S/ 2,899",tv-video,tv,https://simple.ripley.com.pe/tv-y-video/televisores/ver-todo-tv?source=menu
tecnologia,,//home.ripley.com.pe/Attachment/WOP_5/2018220410958/2018220410958_2.jpg,AOC,"AOC SMART TV HD 32"" LE32S5285",S/ 799,tv-video,tv,https://simple.ripley.com.pe/tv-y-video/televisores/ver-todo-tv?source=menu
tecnologia,,//home.ripley.com.pe/Attachment/WOP_5/2018212866152/2018212866152_2.jpg,LG,"LG SMART TV HD 32"" LK540BPSA","S/ 1,099",tv-video,tv,https://simple.ripley.com.pe/tv-y-video/televisores/ver-todo-tv?source=menu
tecnologia,,//home.ripley.com.pe/Attachment/WOP_5/2018212552666/2018212552666_2.jpg,SONY,"SONY LED 49"" 4K Ultra HD Smart TV KD-49X725F/C LA8","S/ 3,999",tv-video,tv,https://simple.ripley.com.pe/tv-y-video/televisores/ver-todo-tv?source=menu
tecnologia,,//home.ripley.com.pe/Attachment/WOP_5/2018210675039/2018210675039_2.jpg,SONY,"SONY LED 55"" 4K Ultra HD Smart TV KD-55X725F/C LA8","S/ 4,499",tv-video,tv,https://simple.ripley.com.pe/tv-y-video/televisores/ver-todo-tv?source=menu
tecnologia,,//home.ripley.com.pe/Attachment/WOP_5/2018211814963/2018211814963_2.jpg,LG,"LG SMART TV UHD 50"" 50UK6550PSB","S/ 2,299",tv-video,tv,https://simple.ripley.com.pe/tv-y-video/televisores/ver-todo-tv?source=menu
tecnologia,,//home.ripley.com.pe/Attachment/WOP_5/2018211814970/2018211814970_2.jpg,LG,"LG SMART TV UHD 55"" 55UK6350PSC","S/ 2,499",tv-video,tv,https://simple.ripley.com.pe/tv-y-video/televisores/ver-todo-tv?source=menu
tecnologia,,//home.ripley.com.pe/Attachment/WOP_5/2018215750380/2018215750380_2.jpg,SAMSUNG,"SAMSUNG SMART TV UHD 55"" 55NU7400","S/ 3,999",tv-video,tv,https://simple.ripley.com.pe/tv-y-video/televisores/ver-todo-tv?source=menu
tecnologia,,//home.ripley.com.pe/Attachment/WOP_5/2018207898663/2018207898663_2.jpg,HISENSE,"HISENSE SMART TV FHD 43"" HLE4317RTFIPE","S/ 1,299",tv-video,tv,https://simple.ripley.com.pe/tv-y-video/televisores/ver-todo-tv?source=menu
tecnologia,,//home.ripley.com.pe/Attachment/WOP_4/2018191612955/2018191612955_2.jpg,,HAIER SMART TV UHD 43'' LE43U6600DUA,"S/ 1,499",tv-video,tv,https://simple.ripley.com.pe/tv-y-video/televisores/ver-todo-tv?source=menu
tecnologia,,//home.ripley.com.pe/Attachment/WOP_3/2018190623143/2018190623143_2.jpg,,AOC SMART TV FHD 43'' LE43S5970,"S/ 1,299",tv-video,tv,https://simple.ripley.com.pe/tv-y-video/televisores/ver-todo-tv?source=menu
tecnologia,,//home.ripley.com.pe/Attachment/WOP_5/2018220570591/2018220570591_2.jpg,AOC,"AOC SMART TV FHD 43"" LE43S5285","S/ 1,299",tv-video,tv,https://simple.ripley.com.pe/tv-y-video/televisores/ver-todo-tv?source=menu
tecnologia,,//home.ripley.com.pe/Attachment/WOP_5/2018211847930/2018211847930_2.jpg,SONY,"SONY LED 55"" 4K Ultra HD  Android Smart TV KD-55X755F LA8","S/ 5,499",tv-video,tv,https://simple.ripley.com.pe/tv-y-video/televisores/ver-todo-tv?source=menu
tecnologia,,//home.ripley.com.pe/Attachment/WOP_5/2018211815007/2018211815007_2.jpg,LG,"LG SMART TV UHD 65"" 65UK6350PSC","S/ 4,999",tv-video,tv,https://simple.ripley.com.pe/tv-y-video/televisores/ver-todo-tv?source=menu
tecnologia,,https://imageshack.com/a/img924/8083/nBtzEy.jpg,ISOUND,ISOUND PARLANTE DURATUNES ISOUND-6704 - NEGRO,S/ 149.90,tv-video,audio-portatil,https://simple.ripley.com.pe/tv-y-video/audio-portatil/ver-todo-audio-portatil?source=menu
tecnologia,,https://imageshack.com/a/img922/2086/mzmlaI.jpg,ISOUND,ISOUND PARLANTE DURATUNES ISOUND-6705 - AZUL,S/ 149.90,tv-video,audio-portatil,https://simple.ripley.com.pe/tv-y-video/audio-portatil/ver-todo-audio-portatil?source=menu
tecnologia,,//home.ripley.com.pe/Attachment/WOP_5/2018212997412/2018212997412_2.jpg,SONY,SONY REPRODUCTOR DE BLU-RAY UBP - X700,S/ 799,tv-video,video-y-accesorios,https://simple.ripley.com.pe/tv-y-video/video-y-accesorios/ver-todo-video-y-accesorios?source=menu
tecnologia,,//home.ripley.com.pe/Attachment/WOP_5/2018212916352/2018212916352_2.jpg,PANASONIC,PANASONIC MINICOMPONENTE ONE BOX SC-UA70PUK 1700W,"S/ 1,499",tv-video,equipo-de-sonido,https://simple.ripley.com.pe/tv-y-video/equipo-de-sonido/ver-todo-equipo-de-sonido?source=menu
tecnologia,,//home.ripley.com.pe/Attachment/WOP_5/2018209223500/2018209223500_2.jpg,LG,"LG SMART TV SUPER UHD 65"" 65SK9500PSA","S/ 9,999",tv-video,tv,https://simple.ripley.com.pe/tv-y-video/televisores/ver-todo-tv?source=menu&page=6
tecnologia,,https://imageshack.com/a/img924/7900/sfh0ky.jpg,ISOUND,ISOUND PARLANTE DURATUNES ISOUND-6706 - ROJO,S/ 149.90,tv-video,audio-portatil,https://simple.ripley.com.pe/tv-y-video/audio-portatil/ver-todo-audio-portatil?source=menu
tecnologia,,https://imageshack.com/a/img921/9929/FbwpjE.jpg,ISOUND,ISOUND AUDIFONOS BT SPORT TONE EARBUDS DGHP-5622 - NEGRO,S/ 129.90,tv-video,audio-portatil,https://simple.ripley.com.pe/tv-y-video/audio-portatil/ver-todo-audio-portatil?source=menu
tecnologia,,//home.ripley.com.pe/Attachment/WOP_5/2018196668865/2018196668865_2.jpg,HI-TECH,HI-TECH SOUNDBAR + WOOFER 45W,S/ 399,tv-video,audio-para-tv,https://simple.ripley.com.pe/tv-y-video/audio-para-tv/ver-todo-audio-para-tv?source=menu
tecnologia,,//home.ripley.com.pe/Attachment/WOP/2018170227736/2018170227736_2.jpg,,SONY REPRODUCTOR DVD BLU RAY BDP-S1500 - NEGRO,S/ 329,tv-video,video-y-accesorios,https://simple.ripley.com.pe/tv-y-video/video-y-accesorios/ver-todo-video-y-accesorios?source=menu
tecnologia,,//home.ripley.com.pe/Attachment/WOP_3/2018185801198/2018185801198_2.jpg,,SONY REPRODUCTOR DE DVD DVP-SR370/BCE32,S/ 149,tv-video,video-y-accesorios,https://simple.ripley.com.pe/tv-y-video/video-y-accesorios/ver-todo-video-y-accesorios?source=menu
tecnologia,,//home.ripley.com.pe/Attachment/WOP_5/2018209243997/2018209243997_2.jpg,SONY,SONY Equipo de Sonido HDMI/Bluetooth/Karaoke MHC-V71D,"S/ 2,799",tv-video,equipo-de-sonido,https://simple.ripley.com.pe/tv-y-video/equipo-de-sonido/ver-todo-equipo-de-sonido?source=menu
tecnologia,,//home.ripley.com.pe/Attachment/WOP_5/2018213746408/2018213746408_2.jpg,HAIER,HAIER SMART TV FHD 40'' LE40K6500DA,S/ 999,tv-video,tv,https://simple.ripley.com.pe/tv-y-video/televisores/ver-todo-tv?source=menu&page=6
tecnologia,,//home.ripley.com.pe/Attachment/WOP_3/2018184417963/2018184417963_2.jpg,HAIER,"HAIER SMART TV HD 32"" 32B8500",S/ 999,tv-video,tv,https://simple.ripley.com.pe/tv-y-video/televisores/ver-todo-tv?source=menu&page=6
tecnologia,,//home.ripley.com.pe/Attachment/WOP_2/2065175025416/2065175025416_2.jpg,,SONY PARLANTE MEGA BASS XS-FB1630 - NEGRO,S/ 149,tv-video,car-audio,https://simple.ripley.com.pe/tv-y-video/car-audio/ver-todo-car-audio?source=menu
tecnologia,,https://imageshack.com/a/img922/9378/d9rdP3.jpg,ISOUND,ISOUND PARLANTE HIFI SQUARE ISOUND-6937 - NEGRO,S/ 249.90,tv-video,audio-portatil,https://simple.ripley.com.pe/tv-y-video/audio-portatil/ver-todo-audio-portatil?source=menu
tecnologia,,//home.ripley.com.pe/Attachment/WOP_3/2018188588836/2018188588836_2.jpg,,SAMSUNG BARRA DE SONIDO M360 200W - NEGRO,S/ 699,tv-video,audio-para-tv,https://simple.ripley.com.pe/tv-y-video/audio-para-tv/ver-todo-audio-para-tv?source=menu
tecnologia,,//home.ripley.com.pe/Attachment/WOP_4/2018186277589/2018186277589_2.jpg,HI-TECH,HI-TECH SOUNDBAR + WOOFER 45W,S/ 399,tv-video,audio-para-tv,https://simple.ripley.com.pe/tv-y-video/audio-para-tv/ver-todo-audio-para-tv?source=menu
tecnologia,,//home.ripley.com.pe/Attachment/WOP/2018175039808/2018175039808_2.jpg,,SAMSUNG REPRODUCTOR BLURAY MULTI-CODEC BD-J4500 - NEGRO,S/ 229,tv-video,video-y-accesorios,https://simple.ripley.com.pe/tv-y-video/video-y-accesorios/ver-todo-video-y-accesorios?source=menu
tecnologia,,//home.ripley.com.pe/Attachment/WOP/2018169233267/2018169233267_2.jpg,,SONY REPRODUCTOR BLU RAY SMART S3500 - NEGRO,S/ 399,tv-video,video-y-accesorios,https://simple.ripley.com.pe/tv-y-video/video-y-accesorios/ver-todo-video-y-accesorios?source=menu
tecnologia,,//home.ripley.com.pe/Attachment/WOP_5/2018209243980/2018209243980_2.jpg,SONY,SONY Equipo de Sonido HDMI/Bluetooth/Karaoke MHC-V81D,"S/ 2,999",tv-video,equipo-de-sonido,https://simple.ripley.com.pe/tv-y-video/equipo-de-sonido/ver-todo-equipo-de-sonido?source=menu
tecnologia,,//home.ripley.com.pe/Attachment/WOP_5/2018215750427/2018215750427_2.jpg,SAMSUNG,"SAMSUNG SMART TV FHD 40J5290 40""",,tv-video,tv,https://simple.ripley.com.pe/tv-y-video/televisores/ver-todo-tv?source=menu&page=6
tecnologia,,//home.ripley.com.pe/Attachment/WOP_5/2018215750434/2018215750434_2.jpg,SAMSUNG,"SAMSUNG SMART TV FHD 32"" J4290",,tv-video,tv,https://simple.ripley.com.pe/tv-y-video/televisores/ver-todo-tv?source=menu&page=6
tecnologia,,//home.ripley.com.pe/Attachment/WOP/2065172977466/2065172977466_2.jpg,,PIONEER PARLANTE AGUDO TIPO BALA TS-B400PRO - NEGRO,S/ 159,tv-video,car-audio,https://simple.ripley.com.pe/tv-y-video/car-audio/ver-todo-car-audio?source=menu
tecnologia,,//home.ripley.com.pe/Attachment/WOP/2065172977473/2065172977473_2.jpg,,PIONEER PARLANTES MEDIO TS-M650PRO - NEGRO,S/ 349,tv-video,car-audio,https://simple.ripley.com.pe/tv-y-video/car-audio/ver-todo-car-audio?source=menu
tecnologia,,https://imageshack.com/a/img922/5769/AIolqg.jpg,ISOUND,ISOUND AUDIFONOS BT IN-EAR BT-250 DGHP-5635 - NEGRO,S/ 149.90,tv-video,audio-portatil,https://simple.ripley.com.pe/tv-y-video/audio-portatil/ver-todo-audio-portatil?source=menu
tecnologia,,https://imageshack.com/a/img923/2897/eWVv3p.jpg,ISOUND,ISOUND BT-2600 AUDIFONOS INALAMBRICOS BLUETOOH DGHP-5620 - NEGRO,S/ 169.90,tv-video,audio-portatil,https://simple.ripley.com.pe/tv-y-video/audio-portatil/ver-todo-audio-portatil?source=menu
tecnologia,,//home.ripley.com.pe/Attachment/WOP_5/2018207898830/2018207898830_2.jpg,HISENSE,"HISENSE SMART TV UHD 55"" HLE5517RTUXIPE","S/ 2,299",tv-video,tv,https://simple.ripley.com.pe/tv-y-video/televisores/ver-todo-tv?source=menu&page=3
tecnologia,,//home.ripley.com.pe/Attachment/WOP_5/2018213746392/2018213746392_2.jpg,HAIER,"HAIER TV HD 32"" LE32K6500DA",S/ 579.95,tv-video,tv,https://simple.ripley.com.pe/tv-y-video/televisores/ver-todo-tv?source=menu&page=2
tecnologia,,//home.ripley.com.pe/Attachment/WOP_3/2018179923455/2018179923455_2.jpg,,HI-TECH BARRA DE SONIDO SB-2100 40W,S/ 199,tv-video,audio-para-tv,https://simple.ripley.com.pe/tv-y-video/audio-para-tv/ver-todo-audio-para-tv?source=menu
tecnologia,,//home.ripley.com.pe/Attachment/WOP_5/2018209199164/2018209199164_2.jpg,LG,LG BARRA DE SONIDO SK1 40W,"S/ 2,199.95",tv-video,audio-para-tv,https://simple.ripley.com.pe/tv-y-video/audio-para-tv/ver-todo-audio-para-tv?source=menu
tecnologia,,//home.ripley.com.pe/Attachment/WOP_3/2018179258120/2018179258120_2.jpg,,SONY REPRODUCTOR BLU-RAY FHD 3D BDP-S6700/B,S/ 699,tv-video,video-y-accesorios,https://simple.ripley.com.pe/tv-y-video/video-y-accesorios/ver-todo-video-y-accesorios?source=menu
tecnologia,,//home.ripley.com.pe/Attachment/WOP_3/2018190738427/2018190738427_2.jpg,SONY,SONY Equipo de Sonido DVD/Karaoke HCDSHAKEX30,"S/ 2,599",tv-video,equipo-de-sonido,https://simple.ripley.com.pe/tv-y-video/equipo-de-sonido/ver-todo-equipo-de-sonido?source=menu
tecnologia,,//home.ripley.com.pe/Attachment/WOP/2065172977480/2065172977480_2.jpg,,PIONEER PARLANTES MEDIO TS-M800PRO - NEGRO,S/ 419,tv-video,car-audio,https://simple.ripley.com.pe/tv-y-video/car-audio/ver-todo-car-audio?source=menu
tecnologia,,https://imageshack.com/a/img924/5610/s5CFmM.jpg,SAKAR,SAKAR DJ HEADPHONES STAR WARS,S/ 34.90,tv-video,audio-portatil,https://simple.ripley.com.pe/tv-y-video/audio-portatil/ver-todo-audio-portatil?source=menu
tecnologia,,https://imageshack.com/a/img924/9868/iWqNYJ.jpg,FIDDLER,FIDDLER HEADPHONE CON MICRÓFONO 1.8MT - BLANCO,S/ 34.90,tv-video,audio-portatil,https://simple.ripley.com.pe/tv-y-video/audio-portatil/ver-todo-audio-portatil?source=menu
tecnologia,,//home.ripley.com.pe/Attachment/WOP_5/2018210828381/2018210828381_2.jpg,SAMSUNG,"SAMSUNG SMART TV UHD 65"" 65NU7300","S/ 4,999",tv-video,tv,https://simple.ripley.com.pe/tv-y-video/televisores/ver-todo-tv?source=menu&page=3
tecnologia,,//home.ripley.com.pe/Attachment/WOP_5/2018212725763/2018212725763_2.jpg,SAMSUNG,"SAMSUNG SMART TV QLED 49"" QN49Q6FNAGXPE","S/ 3,999",tv-video,tv,https://simple.ripley.com.pe/tv-y-video/televisores/ver-todo-tv?source=menu&page=2
tecnologia,,//home.ripley.com.pe/Attachment/WOP_5/2018211649756/2018211649756_2.jpg,LG,LG BARRA DE SONIDO SK9Y 500W,"S/ 2,499",tv-video,audio-para-tv,https://simple.ripley.com.pe/tv-y-video/audio-para-tv/ver-todo-audio-para-tv?source=menu
tecnologia,,//home.ripley.com.pe/Attachment/WOP_4/2018195254557/2018195254557_2.jpg,SONY,SONY BARRA DE SONIDO HT-CT290 300W 2.1,S/ 999,tv-video,audio-para-tv,https://simple.ripley.com.pe/tv-y-video/audio-para-tv/ver-todo-audio-para-tv?source=menu
tecnologia,,//home.ripley.com.pe/Attachment/WOP/2065172464218/2065172464218_2.jpg,SONY,SONY PROYECTOR PORTÁTIL MP-CL1 LASER HD,No Disponible,tv-video,video-y-accesorios,https://simple.ripley.com.pe/tv-y-video/video-y-accesorios/ver-todo-video-y-accesorios?source=menu
tecnologia,,//home.ripley.com.pe/Attachment/WOP_5/2018212730347/2018212730347_2.jpg,SAMSUNG,SAMSUNG BARRA DE SONIDO HW-NW700PE 250W,"S/ 1,999",tv-video,equipo-de-sonido,https://simple.ripley.com.pe/tv-y-video/equipo-de-sonido/ver-todo-equipo-de-sonido?source=menu
tecnologia,,//home.ripley.com.pe/Attachment/WOP/2065172977541/2065172977541_2.jpg,,PIONEER BOCINA PARA AUTO TS-S250 - NEGRO,S/ 149,tv-video,car-audio,https://simple.ripley.com.pe/tv-y-video/car-audio/ver-todo-car-audio?source=menu
tecnologia,,https://imageshack.com/a/img923/5092/HNUBtL.jpg,FIDDLER,FIDDLER HEADPHONE CON MICRÓFONO 1.8MT - ROJO,S/ 34.90,tv-video,audio-portatil,https://simple.ripley.com.pe/tv-y-video/audio-portatil/ver-todo-audio-portatil?source=menu
tecnologia,,//home.ripley.com.pe/Attachment/WOP_2/2018214463717/2018214463717_2.jpg,SAMSUNG,"SAMSUNG SMART TV UHD 49"" CURVO 49NU7300","S/ 2,399",tv-video,tv,https://simple.ripley.com.pe/tv-y-video/televisores/ver-todo-tv?source=menu&page=3
tecnologia,,//home.ripley.com.pe/Attachment/WOP_5/2018212725770/2018212725770_2.jpg,SAMSUNG,"SAMSUNG SMART TV UHD 50"" UN50NU7100GXPE","S/ 2,199",tv-video,tv,https://simple.ripley.com.pe/tv-y-video/televisores/ver-todo-tv?source=menu&page=3
tecnologia,,//home.ripley.com.pe/Attachment/WOP_3/2018192812996/2018192812996_2.jpg,AOC,"AOC TV UHD 55"" LE55U7970","S/ 2,499",tv-video,tv,https://simple.ripley.com.pe/tv-y-video/televisores/ver-todo-tv?source=menu&page=2
tecnologia,,//home.ripley.com.pe/Attachment/WOP_5/2018211649732/2018211649732_2.jpg,LG,LG BARRA DE SONIDO SK5 360W,S/ 749,tv-video,audio-para-tv,https://simple.ripley.com.pe/tv-y-video/audio-para-tv/ver-todo-audio-para-tv?source=menu
tecnologia,,//home.ripley.com.pe/Attachment/WOP_5/2018209199171/2018209199171_2.jpg,LG,LG BARRA DE SONIDO SK5R 480W,"S/ 2,299",tv-video,audio-para-tv,https://simple.ripley.com.pe/tv-y-video/audio-para-tv/ver-todo-audio-para-tv?source=menu
tecnologia,,//home.ripley.com.pe/Attachment/WOP_2/2018178542794/2018178542794_2.jpg,,PROLINK RACK PARA TV FIJO HWM070KC + CABLE HDMI,S/ 39.90,tv-video,video-y-accesorios,https://simple.ripley.com.pe/tv-y-video/video-y-accesorios/ver-todo-video-y-accesorios?source=menu
tecnologia,,//home.ripley.com.pe/Attachment/WOP_3/2065183249736/2065183249736_2.jpg,MACROTEL,MACROTEL 4 PILAS HÍBRIDAS PRECARGADAS AAA,S/ 24.90,tv-video,video-y-accesorios,https://simple.ripley.com.pe/tv-y-video/video-y-accesorios/ver-todo-video-y-accesorios?source=menu
tecnologia,,//home.ripley.com.pe/Attachment/WOP_5/2018211649725/2018211649725_2.jpg,LG,LG MINICOMPONENTE OK99 1800W,"S/ 1,799",tv-video,equipo-de-sonido,https://simple.ripley.com.pe/tv-y-video/equipo-de-sonido/ver-todo-equipo-de-sonido?source=menu
tecnologia,,//home.ripley.com.pe/Attachment/WOP/2065172977350/2065172977350_2.jpg,,PIONEER AUTO RADIO DVH-785AV - NEGRO,S/ 699,tv-video,car-audio,https://simple.ripley.com.pe/tv-y-video/car-audio/ver-todo-car-audio?source=menu
tecnologia,,https://imageshack.com/a/img924/8714/rb4jej.jpg,SAKAR,SAKAR MINION DJ HEADPHONE-3 MINION,S/ 34.90,tv-video,audio-portatil,https://simple.ripley.com.pe/tv-y-video/audio-portatil/ver-todo-audio-portatil?source=menu
tecnologia,,https://imageshack.com/a/img921/6044/oK8MbS.jpg,FIDDLER,FIDDLER AUDÍFONO DEPORTIVO CON MICRÓFONO - NEGRO,S/ 22.90,tv-video,audio-portatil,https://simple.ripley.com.pe/tv-y-video/audio-portatil/ver-todo-audio-portatil?source=menu
tecnologia,,//home.ripley.com.pe/Attachment/WOP_5/2018211847923/2018211847923_2.jpg,SONY,"SONY LED 49"" 4K Ultra HD Android Smart TV KD-49X755F LA8","S/ 4,499",tv-video,tv,https://simple.ripley.com.pe/tv-y-video/televisores/ver-todo-tv?source=menu&page=3
tecnologia,,//home.ripley.com.pe/Attachment/WOP_5/2018216435071/2018216435071_2.jpg,LG,"LG SMART TV OLED 55"" 55B8SSC","S/ 7,999",tv-video,tv,https://simple.ripley.com.pe/tv-y-video/televisores/ver-todo-tv?source=menu&page=2
tecnologia,,//home.ripley.com.pe/Attachment/WOP_5/2018215750373/2018215750373_2.jpg,SAMSUNG,"SAMSUNG SMART TV CURVO UHD 55"" NU7500","S/ 4,499",tv-video,tv,https://simple.ripley.com.pe/tv-y-video/televisores/ver-todo-tv?source=menu&page=2
tecnologia,,//home.ripley.com.pe/Attachment/WOP_4/2018196951011/2018196951011_2.jpg,SONY,SONY HOME THEATER HT-RT40 660W,"S/ 1,599",tv-video,audio-para-tv,https://simple.ripley.com.pe/tv-y-video/audio-para-tv/ver-todo-audio-para-tv?source=menu
tecnologia,,//home.ripley.com.pe/Attachment/WOP_4/2018186988799/2018186988799_2.jpg,SONY,SONY HOME THEATER HT-RT3 5.1 - NEGRO,"S/ 1,199",tv-video,audio-para-tv,https://simple.ripley.com.pe/tv-y-video/audio-para-tv/ver-todo-audio-para-tv?source=menu
tecnologia,,//home.ripley.com.pe/Attachment/WOP_3/2018183239399/2018183239399_2.jpg,,MACROTEL CABLE HDMI 1.8MTS,S/ 19.90,tv-video,video-y-accesorios,https://simple.ripley.com.pe/tv-y-video/video-y-accesorios/ver-todo-video-y-accesorios?source=menu
tecnologia,,//home.ripley.com.pe/Attachment/WOP_3/2018183239405/2018183239405_2.jpg,,MACROTEL CABLE HDMI A HDMI MINI PROFESIONAL,S/ 12.90,tv-video,video-y-accesorios,https://simple.ripley.com.pe/tv-y-video/video-y-accesorios/ver-todo-video-y-accesorios?source=menu
tecnologia,,//home.ripley.com.pe/Attachment/WOP_3/2018186482907/2018186482907_2.jpg,,LG MINICOMPONENTE CJ88 2900W,"S/ 1,899",tv-video,equipo-de-sonido,https://simple.ripley.com.pe/tv-y-video/equipo-de-sonido/ver-todo-equipo-de-sonido?source=menu
tecnologia,,//home.ripley.com.pe/Attachment/WOP_5/2018209244017/2018209244017_2.jpg,SONY,SONY Equipo de Sonido MHC-M80 DVD/HDMI/Bluetooth/Karaoke/Party Light,"S/ 2,399",tv-video,equipo-de-sonido,https://simple.ripley.com.pe/tv-y-video/equipo-de-sonido/ver-todo-equipo-de-sonido?source=menu
tecnologia,,//home.ripley.com.pe/Attachment/WOP/2065172977398/2065172977398_2.jpg,,PIONEER AUTO RADIO DEH-X3850UI - NEGRO,S/ 399,tv-video,car-audio,https://simple.ripley.com.pe/tv-y-video/car-audio/ver-todo-car-audio?source=menu
tecnologia,,//home.ripley.com.pe/Attachment/WOP/2065172977619/2065172977619_2.jpg,,PIONEER PARLANTE DUAL PARA AUTO TS-G1645R 16CM - NEGRO,S/ 149,tv-video,car-audio,https://simple.ripley.com.pe/tv-y-video/car-audio/ver-todo-car-audio?source=menu
tecnologia,,https://imageshack.com/a/img922/6424/3Ta6Cs.jpg,FIDDLER,FIDDLER AUDÍFONOS SPORT - AZUL,S/ 19.90,tv-video,audio-portatil,https://simple.ripley.com.pe/tv-y-video/audio-portatil/ver-todo-audio-portatil?source=menu
tecnologia,,https://imageshack.com/a/img924/1710/dzqbZ0.jpg,FIDDLER,FIDDLER AUDÍFONO CON ESTUCHE KIDS - ROSA,S/ 17.90,tv-video,audio-portatil,https://simple.ripley.com.pe/tv-y-video/audio-portatil/ver-todo-audio-portatil?source=menu
tecnologia,,//home.ripley.com.pe/Attachment/WOP_5/2018210828350/2018210828350_2.jpg,SAMSUNG,"SAMSUNG SMART TV QLED 55"" CURVO QN55Q8CNAGXPE","S/ 8,999",tv-video,tv,https://simple.ripley.com.pe/tv-y-video/televisores/ver-todo-tv?source=menu&page=3
tecnologia,,//home.ripley.com.pe/Attachment/WOP_5/2018211815038/2018211815038_2.jpg,LG,"LG SMART TV UHD 70"" 70UK6550PSA","S/ 6,499",tv-video,tv,https://simple.ripley.com.pe/tv-y-video/televisores/ver-todo-tv?source=menu&page=3
tecnologia,,//home.ripley.com.pe/Attachment/WOP_5/2018210828367/2018210828367_2.jpg,SAMSUNG,"SAMSUNG SMART TV QLED 55"" QN55Q7FNAGXPE","S/ 7,999",tv-video,tv,https://simple.ripley.com.pe/tv-y-video/televisores/ver-todo-tv?source=menu&page=2
tecnologia,,//home.ripley.com.pe/Attachment/WOP_5/2018212725732/2018212725732_2.jpg,SAMSUNG,"SAMSUNG SMART TV QLED 55"" QN55Q6FNAGXPE","S/ 6,999",tv-video,tv,https://simple.ripley.com.pe/tv-y-video/televisores/ver-todo-tv?source=menu&page=2
tecnologia,,//home.ripley.com.pe/Attachment/WOP_3/2018182733577/2018182733577_2.jpg,,LG HOME THEATER LHB675 1000W - NEGRO,"S/ 1,099",tv-video,audio-para-tv,https://simple.ripley.com.pe/tv-y-video/audio-para-tv/ver-todo-audio-para-tv?source=menu
tecnologia,,https://imageshack.com/a/img924/7198/hXwuD1.jpg,FIDDLER,FIDDLER PARLANTE SOUNDBAR,S/ 103.90,tv-video,audio-para-tv,https://simple.ripley.com.pe/tv-y-video/audio-para-tv/ver-todo-audio-para-tv?source=menu
tecnologia,,//home.ripley.com.pe/Attachment/WOP_3/2018183239412/2018183239412_2.jpg,,MACROTEL CABLE ESTÉREO RCA 1.8MTS,S/ 15.90,tv-video,video-y-accesorios,https://simple.ripley.com.pe/tv-y-video/video-y-accesorios/ver-todo-video-y-accesorios?source=menu
tecnologia,,//home.ripley.com.pe/Attachment/WOP_3/2065183249750/2065183249750_2.jpg,MACROTEL,MACROTEL CARGADOR + 2 PILAS AA + 2 PILAS AAA,S/ 49.90,tv-video,video-y-accesorios,https://simple.ripley.com.pe/tv-y-video/video-y-accesorios/ver-todo-video-y-accesorios?source=menu
tecnologia,,//home.ripley.com.pe/Attachment/WOP_3/2018188555364/2018188555364_2.jpg,,LG MINICOMPONENTE CJ98 3500W,"S/ 2,499",tv-video,equipo-de-sonido,https://simple.ripley.com.pe/tv-y-video/equipo-de-sonido/ver-todo-equipo-de-sonido?source=menu
tecnologia,,//home.ripley.com.pe/Attachment/WOP/2065172977640/2065172977640_2.jpg,,PIONEER PARLANTES TS-F1634R 16CM - NEGRO,S/ 89,tv-video,car-audio,https://simple.ripley.com.pe/tv-y-video/car-audio/ver-todo-car-audio?source=menu
tecnologia,,https://imageshack.com/a/img923/4739/O4CiD6.jpg,FIDDLER,FIDDLER AUDÍFONO WAFFLE - NEGRO,S/ 17.90,tv-video,audio-portatil,https://simple.ripley.com.pe/tv-y-video/audio-portatil/ver-todo-audio-portatil?source=menu
tecnologia,,//home.ripley.com.pe/Attachment/WOP_5/2018207898656/2018207898656_2.jpg,HISENSE,"HISENSE SMART TV HD 32"" HLE3217RTIPE",S/ 899,tv-video,tv,https://simple.ripley.com.pe/tv-y-video/televisores/ver-todo-tv?source=menu&page=3
tecnologia,,//home.ripley.com.pe/Attachment/WOP_5/2018211814956/2018211814956_2.jpg,LG,"LG SMART TV UHD 49"" 49UK7500PSB","S/ 2,499",tv-video,tv,https://simple.ripley.com.pe/tv-y-video/televisores/ver-todo-tv?source=menu&page=3
tecnologia,,//home.ripley.com.pe/Attachment/WOP/2018176087662/2018176087662_2.jpg,SONY,"SONY LED 40"" Full HD Smart TV KDL-40W655D LA8","S/ 1,999",tv-video,tv,https://simple.ripley.com.pe/tv-y-video/televisores/ver-todo-tv?source=menu&page=2
tecnologia,,//home.ripley.com.pe/Attachment/WOP_5/2018220410965/2018220410965_2.jpg,AOC,"AOC SMART TV UHD 50"" LE50U7970S","S/ 1,899",tv-video,tv,https://simple.ripley.com.pe/tv-y-video/televisores/ver-todo-tv?source=menu&page=2
tecnologia,,https://imageshack.com/a/img924/5606/4f9a0P.jpg,FIDDLER,FIDDLER PARLANTE SOUNBARD 2.0,S/ 178.90,tv-video,audio-para-tv,https://simple.ripley.com.pe/tv-y-video/audio-para-tv/ver-todo-audio-para-tv?source=menu
tecnologia,,//home.ripley.com.pe/Attachment/WOP_5/2018214956431/2018214956431_2.jpg,AOC,AOC BARRA DE SONIDO SW-BTS3010,S/ 199,tv-video,audio-para-tv,https://simple.ripley.com.pe/tv-y-video/audio-para-tv/ver-todo-audio-para-tv?source=menu
tecnologia,,//home.ripley.com.pe/Attachment/WOP_3/2065183249767/2065183249767_2.jpg,MACROTEL,MACROTEL CARGADOR + 2 PILAS AAA,S/ 24.90,tv-video,video-y-accesorios,https://simple.ripley.com.pe/tv-y-video/video-y-accesorios/ver-todo-video-y-accesorios?source=menu
tecnologia,,//home.ripley.com.pe/Attachment/WOP_3/2065183249774/2065183249774_2.jpg,MACROTEL,MACROTEL CARGADOR + 2 PILAS AA,S/ 29.90,tv-video,video-y-accesorios,https://simple.ripley.com.pe/tv-y-video/video-y-accesorios/ver-todo-video-y-accesorios?source=menu
tecnologia,,//home.ripley.com.pe/Attachment/WOP_5/2018211649718/2018211649718_2.jpg,LG,LG MINICOMPONENTE CK99 5000W,"S/ 3,299",tv-video,equipo-de-sonido,https://simple.ripley.com.pe/tv-y-video/equipo-de-sonido/ver-todo-equipo-de-sonido?source=menu
tecnologia,,//home.ripley.com.pe/Attachment/WOP_3/2065184196732/2065184196732_2.jpg,,PIONEER AUTORADIO MVH-85UB 50W X 4,S/ 259,tv-video,car-audio,https://simple.ripley.com.pe/tv-y-video/car-audio/ver-todo-car-audio?source=menu
tecnologia,,//home.ripley.com.pe/Attachment/WOP_3/2065184196763/2065184196763_2.jpg,,PIONEER PARLANTES TS-R6951S 6X9'',S/ 169,tv-video,car-audio,https://simple.ripley.com.pe/tv-y-video/car-audio/ver-todo-car-audio?source=menu
tecnologia,,https://imageshack.com/a/img921/8098/rGG7Ce.jpg,FIDDLER,FIDDLER HEADPHONE CUADRADO - ROJO,S/ 18.90,tv-video,audio-portatil,https://simple.ripley.com.pe/tv-y-video/audio-portatil/ver-todo-audio-portatil?source=menu
tecnologia,,https://imageshack.com/a/img922/9232/HLDFBW.jpg,SAKAR,SAKAR AUDÍFONOS EMBUTIDOS MONSTER HIGH - PLANOS 11448-ESP,S/ 11.90,tv-video,audio-portatil,https://simple.ripley.com.pe/tv-y-video/audio-portatil/ver-todo-audio-portatil?source=menu
tecnologia,,//home.ripley.com.pe/Attachment/WOP_3/2018192812989/2018192812989_2.jpg,AOC,"AOC TV UHD 65"" LE65U7970","S/ 3,599",tv-video,tv,https://simple.ripley.com.pe/tv-y-video/televisores/ver-todo-tv?source=menu&page=3
tecnologia,,//home.ripley.com.pe/Attachment/WOP_5/2018211815045/2018211815045_2.jpg,LG,"LG SMART TV UHD 75"" 75UK6570PSA","S/ 11,999",tv-video,tv,https://simple.ripley.com.pe/tv-y-video/televisores/ver-todo-tv?source=menu&page=3
tecnologia,,//home.ripley.com.pe/Attachment/WOP_5/2018211814994/2018211814994_2.jpg,LG,"LG SMART TV UHD 55"" 55UK7500PSA","S/ 3,299",tv-video,tv,https://simple.ripley.com.pe/tv-y-video/televisores/ver-todo-tv?source=menu&page=2
tecnologia,,//home.ripley.com.pe/Attachment/WOP_3/2018190739103/2018190739103_2.jpg,SONY,"SONY LED 49"" 4K HDR Android Smart TV XBR-49X805E/SLA8","S/ 4,999",tv-video,tv,https://simple.ripley.com.pe/tv-y-video/televisores/ver-todo-tv?source=menu&page=2
tecnologia,,//home.ripley.com.pe/Attachment/WOP/2018176726998/2018176726998_2.jpg,,SAMSUNG BARRA DE SONIDO HW-J250/PE 80W - NEGRO,,tv-video,audio-para-tv,https://simple.ripley.com.pe/tv-y-video/audio-para-tv/ver-todo-audio-para-tv?source=menu
tecnologia,,//home.ripley.com.pe/Attachment/WOP_3/2065183249828/2065183249828_2.jpg,MACROTEL,MACROTEL 2 PILAS RECARGABLES AA 2700mAh,S/ 24.90,tv-video,video-y-accesorios,https://simple.ripley.com.pe/tv-y-video/video-y-accesorios/ver-todo-video-y-accesorios?source=menu
tecnologia,,//home.ripley.com.pe/Attachment/WOP_3/2018190472079/2018190472079_2.jpg,LEOTEC,LEOTEC TV BOX ANDROID 4K 8GB - NEGRO,S/ 269,tv-video,video-y-accesorios,https://simple.ripley.com.pe/tv-y-video/video-y-accesorios/ver-todo-video-y-accesorios?source=menu
tecnologia,,//home.ripley.com.pe/Attachment/WOP_3/2018191449230/2018191449230_2.jpg,SONY,SONY Equipo de Sonido DVD/Karaoke HCDSHAKEX10,"S/ 1,799",tv-video,equipo-de-sonido,https://simple.ripley.com.pe/tv-y-video/equipo-de-sonido/ver-todo-equipo-de-sonido?source=menu
tecnologia,,//home.ripley.com.pe/Attachment/WOP_3/2065179038306/2065179038306_2.jpg,,PIONEER PARLANTES TS-A6996S 6X9'' 650W,S/ 319,tv-video,car-audio,https://simple.ripley.com.pe/tv-y-video/car-audio/ver-todo-car-audio?source=menu
tecnologia,,//home.ripley.com.pe/Attachment/WOP_3/2065179038313/2065179038313_2.jpg,,PIONEER PARLANTES TS-A6986S 6X9'' 600W,S/ 279,tv-video,car-audio,https://simple.ripley.com.pe/tv-y-video/car-audio/ver-todo-car-audio?source=menu
tecnologia,,//home.ripley.com.pe/Attachment/WOP_2/2065192658888/2065192658888_2.jpg,SONY,SONY PARLANTE SRS-XB10 BLUETOOTH - NEGRO,S/ 149,tv-video,audio-portatil,https://simple.ripley.com.pe/tv-y-video/audio-portatil/ver-todo-audio-portatil?source=menu
tecnologia,,//home.ripley.com.pe/Attachment/WOP_2/2065192658895/2065192658895_2.jpg,SONY,SONY PARLANTE SRS-XB10 BLUETOOTH - ROJO,S/ 149,tv-video,audio-portatil,https://simple.ripley.com.pe/tv-y-video/audio-portatil/ver-todo-audio-portatil?source=menu
tecnologia,,//home.ripley.com.pe/Attachment/WOP_5/2018211815014/2018211815014_2.jpg,LG,"LG SMART TV UHD 65"" 65UK6550PSB","S/ 5,499",tv-video,tv,https://simple.ripley.com.pe/tv-y-video/televisores/ver-todo-tv?source=menu&page=3
tecnologia,,//home.ripley.com.pe/Attachment/WOP_5/2018212725701/2018212725701_2.jpg,SAMSUNG,"SAMSUNG SMART TV QLED 65"" QN65Q6FNAGXPE","S/ 8,999",tv-video,tv,https://simple.ripley.com.pe/tv-y-video/televisores/ver-todo-tv?source=menu&page=3
tecnologia,,//home.ripley.com.pe/Attachment/WOP_4/2018191611002/2018191611002_2.jpg,,HAIER SMART TV UHD 55'' LE55U6600DUA,"S/ 1,999",tv-video,tv,https://simple.ripley.com.pe/tv-y-video/televisores/ver-todo-tv?source=menu&page=2
tecnologia,,//home.ripley.com.pe/Attachment/WOP_5/2018207956264/2018207956264_2.jpg,HAIER,HAIER SMART TV UHD 55'' LE55K6500DUA,"S/ 1,999",tv-video,tv,https://simple.ripley.com.pe/tv-y-video/televisores/ver-todo-tv?source=menu&page=2
tecnologia,,//home.ripley.com.pe/Attachment/WOP_3/2018190472086/2018190472086_2.jpg,LEOTEC,LEOTEC TV BOX ANDROID 4K 16GB - NEGRO,S/ 399,tv-video,video-y-accesorios,https://simple.ripley.com.pe/tv-y-video/video-y-accesorios/ver-todo-video-y-accesorios?source=menu
tecnologia,,//home.ripley.com.pe/Attachment/WOP_4/2018195147408/2018195147408_2.jpg,LEOTEC,LEOTEC TV BOX ANDROID 4K,S/ 529,tv-video,video-y-accesorios,https://simple.ripley.com.pe/tv-y-video/video-y-accesorios/ver-todo-video-y-accesorios?source=menu
tecnologia,,//home.ripley.com.pe/Attachment/WOP/2018164704151/2018164704151_2.jpg,,SONY HOMETHEATER BDV-N9200 1200W - NEGRO,"S/ 2,799",tv-video,equipo-de-sonido,https://simple.ripley.com.pe/tv-y-video/equipo-de-sonido/ver-todo-equipo-de-sonido?source=menu
tecnologia,,//home.ripley.com.pe/Attachment/WOP_3/2065186100720/2065186100720_2.jpg,SONY,SONY RECEPTOR MULTIMEDIA PARA AUTO XAV-AX100,"S/ 1,399",tv-video,car-audio,https://simple.ripley.com.pe/tv-y-video/car-audio/ver-todo-car-audio?source=menu
tecnologia,,//home.ripley.com.pe/Attachment/WOP_3/2065186100706/2065186100706_2.jpg,SONY,SONY RECEPTOR DE CD PARA AUTO CXS-G1269U,S/ 539,tv-video,car-audio,https://simple.ripley.com.pe/tv-y-video/car-audio/ver-todo-car-audio?source=menu
tecnologia,,https://imageshack.com/a/img924/2729/gwouU6.jpg,FIDDLER,FIDDLER AUDÍFONOS FD-080FB - AZUL,S/ 11.90,tv-video,audio-portatil,https://simple.ripley.com.pe/tv-y-video/audio-portatil/ver-todo-audio-portatil?source=menu
tecnologia,,//home.ripley.com.pe/Attachment/WOP_2/2065192658901/2065192658901_2.jpg,SONY,SONY PARLANTE SRS-XB10 BLUETOOTH - AZUL,S/ 149,tv-video,audio-portatil,https://simple.ripley.com.pe/tv-y-video/audio-portatil/ver-todo-audio-portatil?source=menu
tecnologia,,//home.ripley.com.pe/Attachment/WOP_5/2018211814925/2018211814925_2.jpg,LG,"LG SMART TV LED FULL HD 49"" 49LK5700PSC","S/ 1,699",tv-video,tv,https://simple.ripley.com.pe/tv-y-video/televisores/ver-todo-tv?source=menu&page=3
tecnologia,,//home.ripley.com.pe/Attachment/WOP_5/2018215750403/2018215750403_2.jpg,SAMSUNG,"SAMSUNG SMART TV UHD 50"" 50NU7400","S/ 2,899",tv-video,tv,https://simple.ripley.com.pe/tv-y-video/televisores/ver-todo-tv?source=menu&page=3
tecnologia,,//home.ripley.com.pe/Attachment/WOP_5/2018204464625/2018204464625_2.jpg,HAIER,HAIER SMART TV UHD 50  LE65U6500DUA,"S/ 2,999",tv-video,tv,https://simple.ripley.com.pe/tv-y-video/televisores/ver-todo-tv?source=menu&page=2
tecnologia,,//home.ripley.com.pe/Attachment/WOP_5/2018207898670/2018207898670_2.jpg,HISENSE,"HISENSE SMART TV FHD 49"" HLE4918RTFIPE","S/ 1,599",tv-video,tv,https://simple.ripley.com.pe/tv-y-video/televisores/ver-todo-tv?source=menu&page=2
tecnologia,,//home.ripley.com.pe/Attachment/WOP_5/2018209223821/2018209223821_2.jpg,,"LG SMART TV OLED 65"" OLED65W8PSA","S/ 34,999.95",tv-video,tv,https://simple.ripley.com.pe/tv-y-video/televisores/ver-todo-tv?source=menu&page=5
tecnologia,,//home.ripley.com.pe/Attachment/WOP_5/2018209245199/2018209245199_2.jpg,SONY,"SONY LED 65"" 4K Ultra HD Android Smart TV XBR-65X905F LA8","S/ 10,999",tv-video,tv,https://simple.ripley.com.pe/tv-y-video/televisores/ver-todo-tv?source=menu&page=4
tecnologia,,//home.ripley.com.pe/Attachment/WOP_4/2018194015234/2018194015234_2.jpg,PROLINK,PROLINK RACK MÓVIL PARA TV HWM070MK 23-70,S/ 159,tv-video,video-y-accesorios,https://simple.ripley.com.pe/tv-y-video/video-y-accesorios/ver-todo-video-y-accesorios?source=menu
tecnologia,,//home.ripley.com.pe/Attachment/WOP/2018176495917/2018176495917_2.jpg,,LG  MINICOMPONENTE CM9960 4800W - NEGRO,"S/ 3,299",tv-video,equipo-de-sonido,https://simple.ripley.com.pe/tv-y-video/equipo-de-sonido/ver-todo-equipo-de-sonido?source=menu
tecnologia,,//home.ripley.com.pe/Attachment/WOP_5/2018211649756/2018211649756_2.jpg,LG,LG BARRA DE SONIDO SK9Y 500W,"S/ 2,499",tv-video,equipo-de-sonido,https://simple.ripley.com.pe/tv-y-video/equipo-de-sonido/ver-todo-equipo-de-sonido?source=menu
tecnologia,,//home.ripley.com.pe/Attachment/WOP_4/2065197179944/2065197179944_2.jpg,PIONEER,PIONEER AUTORADIO AVH-Z2050BT 22W x 4,"S/ 1,599",tv-video,car-audio,https://simple.ripley.com.pe/tv-y-video/car-audio/ver-todo-car-audio?source=menu
tecnologia,,//home.ripley.com.pe/Attachment/WOP_4/2065194276387/2065194276387_2.jpg,SONY,SONY AUTO RADIO CDXG1200U,S/ 329,tv-video,car-audio,https://simple.ripley.com.pe/tv-y-video/car-audio/ver-todo-car-audio?source=menu
tecnologia,,//home.ripley.com.pe/Attachment/WOP_2/2065192658918/2065192658918_2.jpg,SONY,SONY PARLANTE SRS-XB10 BLUETOOTH - VERDE,S/ 149,tv-video,audio-portatil,https://simple.ripley.com.pe/tv-y-video/audio-portatil/ver-todo-audio-portatil?source=menu
tecnologia,,//home.ripley.com.pe/Attachment/WOP_2/2065192658925/2065192658925_2.jpg,SONY,SONY PARLANTE SRS-XB10 BLUETOOTH - BLANCO,S/ 149,tv-video,audio-portatil,https://simple.ripley.com.pe/tv-y-video/audio-portatil/ver-todo-audio-portatil?source=menu
tecnologia,,//home.ripley.com.pe/Attachment/WOP_5/2018212725725/2018212725725_2.jpg,SAMSUNG,"SAMSUNG SMART TV UHD 65"" UN65NU7100GXPE","S/ 4,499",tv-video,tv,https://simple.ripley.com.pe/tv-y-video/televisores/ver-todo-tv?source=menu&page=3
tecnologia,,//home.ripley.com.pe/Attachment/WOP_5/2018210828343/2018210828343_2.jpg,SAMSUNG,"SAMSUNG SMART TV QLED 65"" CURVO QN65Q8CNAGXPE","S/ 10,999",tv-video,tv,https://simple.ripley.com.pe/tv-y-video/televisores/ver-todo-tv?source=menu&page=3
tecnologia,,//home.ripley.com.pe/Attachment/WOP_3/2018190739097/2018190739097_2.jpg,SONY,"SONY LED 55"" 4K Ultra HD Android Smart TV  XBR-55X805E/SLA8","S/ 6,999",tv-video,tv,https://simple.ripley.com.pe/tv-y-video/televisores/ver-todo-tv?source=menu&page=2
tecnologia,,//home.ripley.com.pe/Attachment/WOP_5/2018207898847/2018207898847_2.jpg,HISENSE,"HISENSE SMART TV UHD 65"" HLE6517RTUXIPE","S/ 3,999",tv-video,tv,https://simple.ripley.com.pe/tv-y-video/televisores/ver-todo-tv?source=menu&page=2
tecnologia,,//home.ripley.com.pe/Attachment/WOP_3/2018190623136/2018190623136_2.jpg,,AOC SMART TV HD 32'' LE32S5970,S/ 799,tv-video,tv,https://simple.ripley.com.pe/tv-y-video/televisores/ver-todo-tv?source=menu&page=5
tecnologia,,//home.ripley.com.pe/Attachment/WOP_5/2018206261277/2018206261277_2.jpg,AOC,"AOC SMART TV UHD 50"" LE50U7970","S/ 1,899",tv-video,tv,https://simple.ripley.com.pe/tv-y-video/televisores/ver-todo-tv?source=menu&page=5
tecnologia,,//home.ripley.com.pe/Attachment/WOP_5/2018217347939/2018217347939_2.jpg,,"SAMSUNG SMART TV QLED 82"" 82Q6FNA","S/ 19,999",tv-video,tv,https://simple.ripley.com.pe/tv-y-video/televisores/ver-todo-tv?source=menu&page=4
tecnologia,,//home.ripley.com.pe/Attachment/WOP_5/2018209223524/2018209223524_2.jpg,LG,"LG SMART TV OLED 65"" OLED65C8PSA","S/ 14,999",tv-video,tv,https://simple.ripley.com.pe/tv-y-video/televisores/ver-todo-tv?source=menu&page=4
tecnologia,,//home.ripley.com.pe/Attachment/WOP/2018170062191/2018170062191_2.jpg,,LG REPRODUCTOR DVD BLURAY SMART BP255 - NEGRO,,tv-video,video-y-accesorios,https://simple.ripley.com.pe/tv-y-video/video-y-accesorios/ver-todo-video-y-accesorios?source=menu
tecnologia,,//home.ripley.com.pe/Attachment/WOP_2/2018175557302/2018175557302_2.jpg,,SOPORTEX RACK MÓVIL PARA TV LPA52-466 - NEGRO,,tv-video,video-y-accesorios,https://simple.ripley.com.pe/tv-y-video/video-y-accesorios/ver-todo-video-y-accesorios?source=menu
tecnologia,,//home.ripley.com.pe/Attachment/WOP_5/2018211649763/2018211649763_2.jpg,LG,LG BARRA DE SONIDO SK10Y 550W,"S/ 2,999",tv-video,equipo-de-sonido,https://simple.ripley.com.pe/tv-y-video/equipo-de-sonido/ver-todo-equipo-de-sonido?source=menu
tecnologia,,//home.ripley.com.pe/Attachment/WOP_4/2065194276394/2065194276394_2.jpg,SONY,SONY AUTO RADIO CXSG124SU,S/ 599,tv-video,car-audio,https://simple.ripley.com.pe/tv-y-video/car-audio/ver-todo-car-audio?source=menu
tecnologia,,//home.ripley.com.pe/Attachment/WOP_2/2065192658932/2065192658932_2.jpg,SONY,SONY PARLANTE SRS-XB10 BLUETOOTH - AMARILLO,S/ 149,tv-video,audio-portatil,https://simple.ripley.com.pe/tv-y-video/audio-portatil/ver-todo-audio-portatil?source=menu
tecnologia,,//home.ripley.com.pe/Attachment/WOP_5/2018210828336/2018210828336_2.jpg,SAMSUNG,"SAMSUNG SMART TV QLED 65"" QN65Q9FNAGXPE","S/ 15,999",tv-video,tv,https://simple.ripley.com.pe/tv-y-video/televisores/ver-todo-tv?source=menu&page=3
tecnologia,,//home.ripley.com.pe/Attachment/WOP_5/2018209223807/2018209223807_2.jpg,LG,"LG SMART TV UHD 86"" 86UK6570PSA","S/ 19,999",tv-video,tv,https://simple.ripley.com.pe/tv-y-video/televisores/ver-todo-tv?source=menu&page=3
tecnologia,,//home.ripley.com.pe/Attachment/WOP/2018176087679/2018176087679_2.jpg,SONY,"SONY LED 32"" HD Smart TV KDL-32W605D LA8","S/ 1,499",tv-video,tv,https://simple.ripley.com.pe/tv-y-video/televisores/ver-todo-tv?source=menu&page=2
tecnologia,,//home.ripley.com.pe/Attachment/WOP_4/2018191612948/2018191612948_2.jpg,,HAIER TV 32'' HD LE32F1000,S/ 599,tv-video,tv,https://simple.ripley.com.pe/tv-y-video/televisores/ver-todo-tv?source=menu&page=2
tecnologia,,//home.ripley.com.pe/Attachment/WOP_5/2018224049826/2018224049826_2.jpg,LG,"LG SMART TV UHD 55"" 55UK6200","S/ 2,199",tv-video,tv,https://simple.ripley.com.pe/tv-y-video/televisores/ver-todo-tv?source=menu&page=5
tecnologia,,//home.ripley.com.pe/Attachment/WOP_4/2018191606978/2018191606978_2.jpg,,HAIER TV HD 24'' LE24B8000D,S/ 399.95,tv-video,tv,https://simple.ripley.com.pe/tv-y-video/televisores/ver-todo-tv?source=menu&page=4
tecnologia,,//home.ripley.com.pe/Attachment/WOP_5/2018220697823/2018220697823_2.jpg,PHILIPS,"PHILIPS SMART TV UHD 55"" 55PUD6703","S/ 2,599",tv-video,tv,https://simple.ripley.com.pe/tv-y-video/televisores/ver-todo-tv?source=menu&page=4
tecnologia,,//home.ripley.com.pe/Attachment/WOP/2018177515522/2018177515522_2.jpg,,AOC RACK FIJO PARA TV Y94L - NEGRO,,tv-video,video-y-accesorios,https://simple.ripley.com.pe/tv-y-video/video-y-accesorios/ver-todo-video-y-accesorios?source=menu
tecnologia,,//home.ripley.com.pe/Attachment/WOP_3/2018190544783/2018190544783_2.jpg,LG,LG CONTROL MAGIC REMOTE AN-MR650A,,tv-video,video-y-accesorios,https://simple.ripley.com.pe/tv-y-video/video-y-accesorios/ver-todo-video-y-accesorios?source=menu
tecnologia,,//home.ripley.com.pe/Attachment/WOP_4/2018194501294/2018194501294_2.jpg,SONY,SONY Equipo de sonido HDMI/Bluetooth/Wi-Fi/Karaoke MHC-V90DW,"S/ 4,399",tv-video,equipo-de-sonido,https://simple.ripley.com.pe/tv-y-video/equipo-de-sonido/ver-todo-equipo-de-sonido?source=menu
tecnologia,,//home.ripley.com.pe/Attachment/WOP_2/2018181140420/2018181140420_2.jpg,PANASONIC,PANASONIC MINI COMPONENTE SC-AKX100,S/ 399,tv-video,equipo-de-sonido,https://simple.ripley.com.pe/tv-y-video/equipo-de-sonido/ver-todo-equipo-de-sonido?source=menu
tecnologia,,//home.ripley.com.pe/Attachment/WOP_4/2018199022176/2018199022176_2.jpg,SONY,"SONY LED 60"" 4K Ultra HD Smart TV KD-60X695E LA8","S/ 5,499",tv-video,tv,https://simple.ripley.com.pe/tv-y-video/televisores/ver-todo-tv?source=menu&page=3
tecnologia,,//home.ripley.com.pe/Attachment/WOP_5/2018212725718/2018212725718_2.jpg,SAMSUNG,"SAMSUNG SMART TV UHD 65"" CURVO 65NU7500","S/ 6,999",tv-video,tv,https://simple.ripley.com.pe/tv-y-video/televisores/ver-todo-tv?source=menu&page=3
tecnologia,,//home.ripley.com.pe/Attachment/WOP_5/2018209245205/2018209245205_2.jpg,SONY,"SONY LED 55"" 4K Ultra HD Android Smart TV XBR-55X905F LA8","S/ 6,999",tv-video,tv,https://simple.ripley.com.pe/tv-y-video/televisores/ver-todo-tv?source=menu&page=2
tecnologia,,//home.ripley.com.pe/Attachment/WOP_5/2018212997214/2018212997214_2.jpg,SONY,"SONY LED 65"" 4K Ultra HD Smart TV KD-65X735F LA8","S/ 7,999",tv-video,tv,https://simple.ripley.com.pe/tv-y-video/televisores/ver-todo-tv?source=menu&page=2
tecnologia,,//home.ripley.com.pe/Attachment/WOP_2/2018214463724/2018214463724_2.jpg,SAMSUNG,"SAMSUNG SMART TV FHD 49"" 49J5290","S/ 1,799",tv-video,tv,https://simple.ripley.com.pe/tv-y-video/televisores/ver-todo-tv?source=menu&page=5
tecnologia,,//home.ripley.com.pe/Attachment/WOP_5/2018217347922/2018217347922_2.jpg,SAMSUNG,"SAMSUNG SMART TV UHD 65"" 65NU7090","S/ 3,999",tv-video,tv,https://simple.ripley.com.pe/tv-y-video/televisores/ver-todo-tv?source=menu&page=5
tecnologia,,//home.ripley.com.pe/Attachment/WOP_5/2018220697847/2018220697847_2.jpg,PHILIPS,"PHILIPS SMART TV OLED UHD 55"" 55OLED873","S/ 7,999",tv-video,tv,https://simple.ripley.com.pe/tv-y-video/televisores/ver-todo-tv?source=menu&page=4
tecnologia,,//home.ripley.com.pe/Attachment/WOP_5/2018210035727/2018210035727_2.jpg,SONY,"SONY SMART TV UHD 65"" XBR-65X856F","S/ 9,499",tv-video,tv,https://simple.ripley.com.pe/tv-y-video/televisores/ver-todo-tv?source=menu&page=4
tecnologia,,https://impulso.com.pe/images/product_images/26524_impulso.jpg,MICRONICS,MICRONICS PARLANTE QUANTUM 2.1,S/ 200,tv-video,equipo-de-sonido,https://simple.ripley.com.pe/tv-y-video/equipo-de-sonido/ver-todo-equipo-de-sonido?source=menu
tecnologia,,//home.ripley.com.pe/Attachment/WOP_5/2018216359162/2018216359162_2.jpg,SONY,SONY HOME THEATER HT-X9000F 7.1,"S/ 2,499",tv-video,equipo-de-sonido,https://simple.ripley.com.pe/tv-y-video/equipo-de-sonido/ver-todo-equipo-de-sonido?source=menu
tecnologia,,//home.ripley.com.pe/Attachment/WOP_5/2018216030313/2018216030313_2.jpg,SONY,"SONY LED 60"" 4K Ultra HD Android Smart TV XBR-60X835F LA8","S/ 6,299",tv-video,tv,https://simple.ripley.com.pe/tv-y-video/televisores/ver-todo-tv?source=menu&page=3
tecnologia,,//home.ripley.com.pe/Attachment/WOP_5/2018204464632/2018204464632_2.jpg,HAIER,HAIER SMART TV FHD 48  LE48U5000DA,"S/ 1,299.95",tv-video,tv,https://simple.ripley.com.pe/tv-y-video/televisores/ver-todo-tv?source=menu&page=2
tecnologia,,//home.ripley.com.pe/Attachment/WOP_5/2018216435088/2018216435088_2.jpg,LG,"LG SMART TV OLED 65"" 65B8SSC","S/ 10,999",tv-video,tv,https://simple.ripley.com.pe/tv-y-video/televisores/ver-todo-tv?source=menu&page=2
tecnologia,,//home.ripley.com.pe/Attachment/WOP_5/2018210300184/2018210300184_2.jpg,SAMSUNG,"SAMSUNG SMART TV QLED 75"" QN75Q9FNAGXPE","S/ 20,999",tv-video,tv,https://simple.ripley.com.pe/tv-y-video/televisores/ver-todo-tv?source=menu&page=5
tecnologia,,//home.ripley.com.pe/Attachment/WOP_3/2018188465892/2018188465892_2.jpg,,LG SMART TV OLED 4K 65'' OLED65B7P,"S/ 12,999",tv-video,tv,https://simple.ripley.com.pe/tv-y-video/televisores/ver-todo-tv?source=menu&page=5
tecnologia,,//home.ripley.com.pe/Attachment/WOP_5/2018218354295/2018218354295_2.jpg,SAMSUNG,"SAMSUNG SMART TV UHD 75"" 75NU7090","S/ 8,999",tv-video,tv,https://simple.ripley.com.pe/tv-y-video/televisores/ver-todo-tv?source=menu&page=4
tecnologia,,//home.ripley.com.pe/Attachment/WOP_5/2018210675053/2018210675053_2.jpg,SONY,"SONY OLED 55"" 4K Ultra HD Android Smart TV XBR-55A8F LA8","S/ 12,999",tv-video,tv,https://simple.ripley.com.pe/tv-y-video/televisores/ver-todo-tv?source=menu&page=4
tecnologia,,//home.ripley.com.pe/Attachment/WOP_3/2018182677291/2018182677291_2.jpg,,SONY MINICOMPONENTE BLUETOOTH CMT-SBT20 24W - PLATEADO,S/ 339,tv-video,equipo-de-sonido,https://simple.ripley.com.pe/tv-y-video/equipo-de-sonido/ver-todo-equipo-de-sonido?source=menu
tecnologia,,//home.ripley.com.pe/Attachment/WOP_3/2018182733577/2018182733577_2.jpg,,LG HOME THEATER LHB675 1000W - NEGRO,"S/ 1,099",tv-video,equipo-de-sonido,https://simple.ripley.com.pe/tv-y-video/equipo-de-sonido/ver-todo-equipo-de-sonido?source=menu
tecnologia,,//home.ripley.com.pe/Attachment/WOP_5/2018211815021/2018211815021_2.jpg,LG,"LG SMART TV UHD 65"" 65UK7500PSA","S/ 6,299",tv-video,tv,https://simple.ripley.com.pe/tv-y-video/televisores/ver-todo-tv?source=menu&page=3
tecnologia,,//home.ripley.com.pe/Attachment/WOP_5/2018210828374/2018210828374_2.jpg,SAMSUNG,"SAMSUNG SMART TV UHD 55"" 55NU7100","S/ 2,999",tv-video,tv,https://simple.ripley.com.pe/tv-y-video/televisores/ver-todo-tv?source=menu&page=2
tecnologia,,//home.ripley.com.pe/Attachment/WOP_3/2018188843492/2018188843492_2.jpg,,SAMSUNG SMART TV UHD 55'' CURVO 55MU7500,"S/ 6,599",tv-video,tv,https://simple.ripley.com.pe/tv-y-video/televisores/ver-todo-tv?source=menu&page=5
tecnologia,,//home.ripley.com.pe/Attachment/WOP_3/2018190739110/2018190739110_2.jpg,SONY,"SONY LED 75"" 4K HDR Android Smart TV  XBR-75X945E LA8","S/ 22,999",tv-video,tv,https://simple.ripley.com.pe/tv-y-video/televisores/ver-todo-tv?source=menu&page=5
tecnologia,,//home.ripley.com.pe/Attachment/WOP_5/2018209223517/2018209223517_2.jpg,LG,"LG SMART TV OLED 55"" OLED55C8PSA","S/ 9,999",tv-video,tv,https://simple.ripley.com.pe/tv-y-video/televisores/ver-todo-tv?source=menu&page=4
tecnologia,,//home.ripley.com.pe/Attachment/WOP_4/2018189965537/2018189965537_2.jpg,,MASTER-G PARLANTE MGULTRAMIX 160W,S/ 899,tv-video,equipo-de-sonido,https://simple.ripley.com.pe/tv-y-video/equipo-de-sonido/ver-todo-equipo-de-sonido?source=menu
tecnologia,,//home.ripley.com.pe/Attachment/WOP_5/2018214696207/2018214696207_2.jpg,SONY,"SONY LED 65"" 4K Ultra HD Android Smart TV KD-65X755F LA8",,tv-video,tv,https://simple.ripley.com.pe/tv-y-video/televisores/ver-todo-tv?source=menu&page=3
tecnologia,,//home.ripley.com.pe/Attachment/WOP_4/2018199163183/2018199163183_2.jpg,SAMSUNG,"SAMSUNG MONITOR FHD 24"" LS-24F350FHLXPE",S/ 999,tv-video,tv,https://simple.ripley.com.pe/tv-y-video/televisores/ver-todo-tv?source=menu&page=5
tecnologia,,//home.ripley.com.pe/Attachment/WOP_4/2018198863374/2018198863374_2.jpg,SAMSUNG,"SAMSUNG MONITOR HD 24"" 24H310",S/ 529,tv-video,tv,https://simple.ripley.com.pe/tv-y-video/televisores/ver-todo-tv?source=menu&page=5
tecnologia,,//home.ripley.com.pe/Attachment/WOP_5/2018210675046/2018210675046_2.jpg,SONY,"SONY OLED 65"" 4K Ultra HD Android Smart TV XBR-65A8F LA8","S/ 19,499",tv-video,tv,https://simple.ripley.com.pe/tv-y-video/televisores/ver-todo-tv?source=menu&page=4
tecnologia,,//home.ripley.com.pe/Attachment/WOP_3/2018188555357/2018188555357_2.jpg,LG,LG MINICOMPONENTE CJ87 2350W,"S/ 1,399",tv-video,equipo-de-sonido,https://simple.ripley.com.pe/tv-y-video/equipo-de-sonido/ver-todo-equipo-de-sonido?source=menu
tecnologia,,//home.ripley.com.pe/Attachment/WOP_5/2018205427155/2018205427155_2.jpg,HAIER,"HITECH TV PORTABLE 10.1"" PTV-101",S/ 299,tv-video,tv,https://simple.ripley.com.pe/tv-y-video/televisores/ver-todo-tv?source=menu&page=5
tecnologia,,//home.ripley.com.pe/Attachment/WOP_5/2018212866978/2018212866978_2.jpg,LG,"LG SMART TV HD 32"" 32LK540BPSA","S/ 1,199",tv-video,tv,https://simple.ripley.com.pe/tv-y-video/televisores/ver-todo-tv?source=menu&page=5
tecnologia,,//home.ripley.com.pe/Attachment/WOP_5/2018220697830/2018220697830_2.jpg,PHILIPS,"PHILIPS SMART TV UHD 65"" 65PUD6703","S/ 3,999",tv-video,tv,https://simple.ripley.com.pe/tv-y-video/televisores/ver-todo-tv?source=menu&page=4
tecnologia,,//home.ripley.com.pe/Attachment/WOP_5/2018209223487/2018209223487_2.jpg,LG,"LG SMART TV SUPER UHD 55"" 55SK8000PSA","S/ 3,999",tv-video,tv,https://simple.ripley.com.pe/tv-y-video/televisores/ver-todo-tv?source=menu&page=4
tecnologia,,https://www.impulso.com.pe/images/product_images/23317_impulso.jpg,MICRONICS,MICRONICS EQUIPO DE SONIDO HOLLEY 2.1 -NEGRO,S/ 199.90,tv-video,equipo-de-sonido,https://simple.ripley.com.pe/tv-y-video/equipo-de-sonido/ver-todo-equipo-de-sonido?source=menu
tecnologia,,//home.ripley.com.pe/Attachment/WOP_5/2018207956257/2018207956257_2.jpg,HAIER,LED 32 HAIER LE32K6000D,S/ 699,tv-video,tv,https://simple.ripley.com.pe/tv-y-video/televisores/ver-todo-tv?source=menu&page=5
tecnologia,,//home.ripley.com.pe/Attachment/WOP_4/2018198864227/2018198864227_2.jpg,SAMSUNG,SAMSUNG BASE PARA TV STUDIO STAND VG-STSM11B/ZX,,tv-video,tv,https://simple.ripley.com.pe/tv-y-video/televisores/ver-todo-tv?source=menu&page=5
tecnologia,,//home.ripley.com.pe/Attachment/WOP_5/2018216985293/2018216985293_2.jpg,SONY,"SONY LED 70"" 4K Ultra HD Android Smart TV XBR-70X835F LA8","S/ 10,999",tv-video,tv,https://simple.ripley.com.pe/tv-y-video/televisores/ver-todo-tv?source=menu&page=4
tecnologia,,//home.ripley.com.pe/Attachment/WOP_5/2018210035710/2018210035710_2.jpg,SONY,"SONYLED 75"" 4K Ultra HD Android Smart TV XBR-75X855F LA8","S/ 14,999",tv-video,tv,https://simple.ripley.com.pe/tv-y-video/televisores/ver-todo-tv?source=menu&page=4
tecnologia,,//home.ripley.com.pe/Attachment/WOP_3/2018188588775/2018188588775_2.jpg,,SAMSUNG SMART TV UHD 55'' 55MU6400,,tv-video,tv,https://simple.ripley.com.pe/tv-y-video/televisores/ver-todo-tv?source=menu&page=5
tecnologia,,//home.ripley.com.pe/Attachment/WOP_3/2018188689243/2018188689243_2.jpg,,LG SMART TV OLED UHD 55'' 55B7P,,tv-video,tv,https://simple.ripley.com.pe/tv-y-video/televisores/ver-todo-tv?source=menu&page=5
tecnologia,,//home.ripley.com.pe/Attachment/WOP_5/2018212725688/2018212725688_2.jpg,SAMSUNG,"SAMSUNG SMART TV UHD 82"" 82NU8000","S/ 18,999",tv-video,tv,https://simple.ripley.com.pe/tv-y-video/televisores/ver-todo-tv?source=menu&page=4
tecnologia,,//home.ripley.com.pe/Attachment/WOP_5/2018212997412/2018212997412_2.jpg,SONY,SONY REPRODUCTOR DE BLU-RAY UBP - X700,S/ 799,tv-video,tv,https://simple.ripley.com.pe/tv-y-video/televisores/ver-todo-tv?source=menu&page=4
tecnologia,,//home.ripley.com.pe/Attachment/WOP_5/2018212725787/2018212725787_2.jpg,SAMSUNG,"SAMSUNG SMART TV UHD 43"" UN43NU7100GXPE",,tv-video,tv,https://simple.ripley.com.pe/tv-y-video/televisores/ver-todo-tv?source=menu&page=5
tecnologia,,//home.ripley.com.pe/Attachment/WOP_3/2018188588782/2018188588782_2.jpg,,SAMSUNG SMART TV UHD 55'' CURVO 55MU6500,,tv-video,tv,https://simple.ripley.com.pe/tv-y-video/televisores/ver-todo-tv?source=menu&page=5
tecnologia,,//home.ripley.com.pe/Attachment/WOP_4/2018194410978/2018194410978_2.jpg,,"AOC TV HD 32"" 32M1370",S/ 699,tv-video,tv,https://simple.ripley.com.pe/tv-y-video/televisores/ver-todo-tv?source=menu&page=4
tecnologia,,//home.ripley.com.pe/Attachment/WOP_5/2018212725749/2018212725749_2.jpg,SAMSUNG,"SAMSUNG SMART TV UHD 55"" CURVO 55NU8500","S/ 5,499",tv-video,tv,https://simple.ripley.com.pe/tv-y-video/televisores/ver-todo-tv?source=menu&page=4
tecnologia,,//home.ripley.com.pe/Attachment/WOP_4/2018188843515/2018188843515_2.jpg,SAMSUNG,SAMSUNG RACK QLED WMN-M21EAZX,S/ 399,tv-video,video-y-accesorios,https://simple.ripley.com.pe/tv-y-video/video-y-accesorios/ver-todo-video-y-accesorios?source=menu&page=2
tecnologia,,//home.ripley.com.pe/Attachment/WOP_3/2018188588768/2018188588768_2.jpg,,SAMSUNG SMART TV UHD 55'' CURVO 55MU6300,,tv-video,tv,https://simple.ripley.com.pe/tv-y-video/televisores/ver-todo-tv?source=menu&page=5
tecnologia,,//home.ripley.com.pe/Attachment/WOP_3/2018188588737/2018188588737_2.jpg,,SAMSUNG SMART TV UHD 49'' CURVO 49MU6500,,tv-video,tv,https://simple.ripley.com.pe/tv-y-video/televisores/ver-todo-tv?source=menu&page=5
tecnologia,,//home.ripley.com.pe/Attachment/WOP_5/2018212725695/2018212725695_2.jpg,SAMSUNG,"SAMSUNG SMART TV UHD 75"" UN75NU7100GXPE","S/ 10,999",tv-video,tv,https://simple.ripley.com.pe/tv-y-video/televisores/ver-todo-tv?source=menu&page=4
tecnologia,,//home.ripley.com.pe/Attachment/WOP_5/2018209223494/2018209223494_2.jpg,LG,"LG SMART TV SUPER UHD 65"" 65SK8000PSA","S/ 7,999",tv-video,tv,https://simple.ripley.com.pe/tv-y-video/televisores/ver-todo-tv?source=menu&page=4
tecnologia,,//home.ripley.com.pe/Attachment/WOP_4/2018198864227/2018198864227_2.jpg,SAMSUNG,SAMSUNG BASE PARA TV STUDIO STAND VG-STSM11B/ZX,,tv-video,video-y-accesorios,https://simple.ripley.com.pe/tv-y-video/video-y-accesorios/ver-todo-video-y-accesorios?source=menu&page=2
tecnologia,,//home.ripley.com.pe/Attachment/WOP_4/2018193239945/2018193239945_2.jpg,VOLX,FIDGET SPINNER IFFS01 - VERDE,,tv-video,video-y-accesorios,https://simple.ripley.com.pe/tv-y-video/video-y-accesorios/ver-todo-video-y-accesorios?source=menu&page=2
tecnologia,,//home.ripley.com.pe/Attachment/WOP_3/2065183249392/2065183249392_2.jpg,FIDDLER,FIDDLER AUDÍFONOS IN EAR STEREO - ROSADO,S/ 9.90,tv-video,audio-portatil,https://simple.ripley.com.pe/tv-y-video/audio-portatil/ver-todo-audio-portatil?source=menu&page=4
tecnologia,,https://imageshack.com/a/img922/1810/VZcGyN.jpg,FIDDLER,FIDDLER AUDÍFONOS FD-080 - NEGRO,S/ 11.90,tv-video,audio-portatil,https://simple.ripley.com.pe/tv-y-video/audio-portatil/ver-todo-audio-portatil?source=menu&page=2
tecnologia,,//home.ripley.com.pe/Attachment/WOP/2065176079708/2065176079708_2.jpg,SONY,SONY REPRODUCTOR WALKMAN NW-WS413/B 4GB - NEGRO,S/ 449,tv-video,audio-portatil,https://simple.ripley.com.pe/tv-y-video/audio-portatil/ver-todo-audio-portatil?source=menu&page=3
tecnologia,,//home.ripley.com.pe/Attachment/WOP_3/2018188588720/2018188588720_2.jpg,,SAMSUNG SMART TV UHD 49'' 49MU6400,,tv-video,tv,https://simple.ripley.com.pe/tv-y-video/televisores/ver-todo-tv?source=menu&page=5
tecnologia,,//home.ripley.com.pe/Attachment/WOP_4/2018198864418/2018198864418_2.jpg,SAMSUNG,"SAMSUNG SMART TV UHD 55"" 55MU6303",,tv-video,tv,https://simple.ripley.com.pe/tv-y-video/televisores/ver-todo-tv?source=menu&page=5
tecnologia,,//home.ripley.com.pe/Attachment/WOP_5/2018212866169/2018212866169_2.jpg,LG,"LG SMART TV UHD 75"" 75SK8000PSA","S/ 14,999",tv-video,tv,https://simple.ripley.com.pe/tv-y-video/televisores/ver-todo-tv?source=menu&page=4
tecnologia,,//home.ripley.com.pe/Attachment/WOP_5/2018210675015/2018210675015_2.jpg,SONY,"SONY LED 85"" 4K Ultra HD Android Smart TV XBR-85X855F LA8","S/ 29,999",tv-video,tv,https://simple.ripley.com.pe/tv-y-video/televisores/ver-todo-tv?source=menu&page=4
tecnologia,,//home.ripley.com.pe/Attachment/WOP_4/2018193239952/2018193239952_2.jpg,VOLX,FIDGET SPINNER IFFS01 - ROJO,,tv-video,video-y-accesorios,https://simple.ripley.com.pe/tv-y-video/video-y-accesorios/ver-todo-video-y-accesorios?source=menu&page=2
tecnologia,,//home.ripley.com.pe/Attachment/WOP_4/2018193239969/2018193239969_2.jpg,VOLX,FIDGET SPINNER IFFS01 - NEGRO,,tv-video,video-y-accesorios,https://simple.ripley.com.pe/tv-y-video/video-y-accesorios/ver-todo-video-y-accesorios?source=menu&page=2
tecnologia,,//home.ripley.com.pe/Attachment/WOP_3/2065183249859/2065183249859_2.jpg,SAKAR,SAKAR AUDÍFONOS IN EAR MONSTER HIGH - ROJO/AZUL,S/ 12.90,tv-video,audio-portatil,https://simple.ripley.com.pe/tv-y-video/audio-portatil/ver-todo-audio-portatil?source=menu&page=4
tecnologia,,//home.ripley.com.pe/Attachment/WOP/2065171127701/2065171127701_2.jpg,SONY,SONY AUDÍFONOS MDRZX310AP - NEGRO,S/ 79,tv-video,audio-portatil,https://simple.ripley.com.pe/tv-y-video/audio-portatil/ver-todo-audio-portatil?source=menu&page=2
tecnologia,,//home.ripley.com.pe/Attachment/WOP/2065171127725/2065171127725_2.jpg,SONY,SONY AUDÍFONOS MDRZX310AP - ROJO,S/ 79,tv-video,audio-portatil,https://simple.ripley.com.pe/tv-y-video/audio-portatil/ver-todo-audio-portatil?source=menu&page=2
tecnologia,,//home.ripley.com.pe/Attachment/WOP/2065176079692/2065176079692_2.jpg,SONY,SONY REPRODUCTOR WALKMAN NW-WS413/G 4GB - VERDE,S/ 449,tv-video,audio-portatil,https://simple.ripley.com.pe/tv-y-video/audio-portatil/ver-todo-audio-portatil?source=menu&page=3
tecnologia,,//home.ripley.com.pe/Attachment/WOP/2065176079685/2065176079685_2.jpg,SONY,SONY REPRODUCTOR WALKMAN NW-WS413/L 4GB - AZUL,S/ 449,tv-video,audio-portatil,https://simple.ripley.com.pe/tv-y-video/audio-portatil/ver-todo-audio-portatil?source=menu&page=3
tecnologia,,//home.ripley.com.pe/Attachment/WOP_5/2018209223814/2018209223814_2.jpg,LG,"LG SMART TV OLED 65"" OLED65E8PSA","S/ 17,999",tv-video,tv,https://simple.ripley.com.pe/tv-y-video/televisores/ver-todo-tv?source=menu&page=4
tecnologia,,//home.ripley.com.pe/Attachment/WOP_4/2018193239976/2018193239976_2.jpg,VOLX,FIDGET SPINNER IFFS01 - AMARILLO,,tv-video,video-y-accesorios,https://simple.ripley.com.pe/tv-y-video/video-y-accesorios/ver-todo-video-y-accesorios?source=menu&page=2
tecnologia,,//home.ripley.com.pe/Attachment/WOP_4/2018193239983/2018193239983_2.jpg,VOLX,FIDGET SPINNER IFFS01 - AZUL,,tv-video,video-y-accesorios,https://simple.ripley.com.pe/tv-y-video/video-y-accesorios/ver-todo-video-y-accesorios?source=menu&page=2
tecnologia,,//home.ripley.com.pe/Attachment/WOP_3/2065183249514/2065183249514_2.jpg,FIDDLER,FIDDLER AUDÍFONOS OVER EAR FD-A6 - ROJO,S/ 39.90,tv-video,audio-portatil,https://simple.ripley.com.pe/tv-y-video/audio-portatil/ver-todo-audio-portatil?source=menu&page=4
tecnologia,,//home.ripley.com.pe/Attachment/WOP_3/2065183249675/2065183249675_2.jpg,FIDDLER,FIDDLER PARLANTES MULTIUSO 2.0 - NEGRO,S/ 39.90,tv-video,audio-portatil,https://simple.ripley.com.pe/tv-y-video/audio-portatil/ver-todo-audio-portatil?source=menu&page=4
tecnologia,,https://imageshack.com/a/img923/1000/X9hDcp.jpg,FIDDLER,FIDDLER AUDÍFONO STEREO - AMARILLO,S/ 7.90,tv-video,audio-portatil,https://simple.ripley.com.pe/tv-y-video/audio-portatil/ver-todo-audio-portatil?source=menu&page=2
tecnologia,,//home.ripley.com.pe/Attachment/WOP_2/2065181027480/2065181027480_2.jpg,SONY,SONY AUDÍFONOS MDREX110APBQUC,S/ 99,tv-video,audio-portatil,https://simple.ripley.com.pe/tv-y-video/audio-portatil/ver-todo-audio-portatil?source=menu&page=3
tecnologia,,//home.ripley.com.pe/Attachment/WOP_2/2065181027459/2065181027459_2.jpg,SONY,SONY AUDIFONOS MDR-EX15APWZUC BLANCO,S/ 49,tv-video,audio-portatil,https://simple.ripley.com.pe/tv-y-video/audio-portatil/ver-todo-audio-portatil?source=menu&page=3
tecnologia,,//home.ripley.com.pe/Attachment/WOP_3/2065185957165/2065185957165_2.jpg,BOSE,BOSE AUDÍFONOS INALÁMBRICOS SOUNDSPORT - AQUA,S/ 599,tv-video,audio-portatil,https://simple.ripley.com.pe/tv-y-video/audio-portatil/ver-todo-audio-portatil?source=menu&page=4
tecnologia,,//home.ripley.com.pe/Attachment/WOP_3/2065192658703/2065192658703_2.jpg,SONY,SONY AUDÍFONOS MDRXB550AP OVER EAR - AZUL,S/ 199,tv-video,audio-portatil,https://simple.ripley.com.pe/tv-y-video/audio-portatil/ver-todo-audio-portatil?source=menu&page=4
tecnologia,,//home.ripley.com.pe/Attachment/WOP/2065171127732/2065171127732_2.jpg,SONY,SONY AUDÍFONOS MDRZX310AP - BLANCO,S/ 79,tv-video,audio-portatil,https://simple.ripley.com.pe/tv-y-video/audio-portatil/ver-todo-audio-portatil?source=menu&page=2
tecnologia,,https://imageshack.com/a/img923/512/Nt6ybU.jpg,FIDDLER,FIDDLER AUDÍFONO STEREO - NARANJA,S/ 7.90,tv-video,audio-portatil,https://simple.ripley.com.pe/tv-y-video/audio-portatil/ver-todo-audio-portatil?source=menu&page=2
tecnologia,,//home.ripley.com.pe/Attachment/WOP_2/2065180314185/2065180314185_2.jpg,SONY,SONY AUDÍFONOS ON EAR MDR-ZX110AP - BLANCO,S/ 69,tv-video,audio-portatil,https://simple.ripley.com.pe/tv-y-video/audio-portatil/ver-todo-audio-portatil?source=menu&page=3
tecnologia,,//home.ripley.com.pe/Attachment/WOP_2/2065180314178/2065180314178_2.jpg,SONY,Audífonos Over-Ear Con Micrófono ZX110 Negro,S/ 69,tv-video,audio-portatil,https://simple.ripley.com.pe/tv-y-video/audio-portatil/ver-todo-audio-portatil?source=menu&page=3
tecnologia,,https://impulso.com.pe/images/product_images/grandes/26164_impulso.jpg,MICRONICS,MICRONICS PARLANTE MELODY 2.1,S/ 250,tv-video,equipo-de-sonido,https://simple.ripley.com.pe/tv-y-video/equipo-de-sonido/ver-todo-equipo-de-sonido?source=menu&page=4
tecnologia,,//home.ripley.com.pe/Attachment/WOP_3/2065192658741/2065192658741_2.jpg,SONY,SONY AUDÍFONOS MDRXB510AS IN EAR - NEGRO,S/ 169,tv-video,audio-portatil,https://simple.ripley.com.pe/tv-y-video/audio-portatil/ver-todo-audio-portatil?source=menu&page=4
tecnologia,,//home.ripley.com.pe/Attachment/WOP_3/2065192658857/2065192658857_2.jpg,SONY,SONY PARLANTE SRS-XB20 BLUETOOTH - ROJO,S/ 179,tv-video,audio-portatil,https://simple.ripley.com.pe/tv-y-video/audio-portatil/ver-todo-audio-portatil?source=menu&page=4
tecnologia,,//home.ripley.com.pe/Attachment/WOP_3/2018191254018/2018191254018_2.jpg,,PANASONIC MINICOMPONENTE SC-AKX300PSW 450W - BLANCO,S/ 599,tv-video,equipo-de-sonido,https://simple.ripley.com.pe/tv-y-video/equipo-de-sonido/ver-todo-equipo-de-sonido?source=menu&page=2
tecnologia,,https://imageshack.com/a/img922/8149/zhfy7v.jpg,FIDDLER,FIDDLER AUDÍFONO STEREO - ROSADO,S/ 7.90,tv-video,audio-portatil,https://simple.ripley.com.pe/tv-y-video/audio-portatil/ver-todo-audio-portatil?source=menu&page=2
tecnologia,,https://imageshack.com/a/img922/9177/Dyboqc.jpg,FIDDLER,FIDDLER AUDÍFONO STEREO - VERDE,S/ 7.90,tv-video,audio-portatil,https://simple.ripley.com.pe/tv-y-video/audio-portatil/ver-todo-audio-portatil?source=menu&page=2
tecnologia,,//home.ripley.com.pe/Attachment/WOP_2/2065181027541/2065181027541_2.jpg,SONY,SON AUDÍFONOS IN EAR MDR-EX110AP - BLANCO,S/ 99,tv-video,audio-portatil,https://simple.ripley.com.pe/tv-y-video/audio-portatil/ver-todo-audio-portatil?source=menu&page=3
tecnologia,,https://www.impulso.com.pe/images/product_images/25982_impulso.jpg,MICRONICS,MICRONICS EQUIPO DE SONIDO PILOT KTV 2.1 - NEGRO,S/ 499.90,tv-video,equipo-de-sonido,https://simple.ripley.com.pe/tv-y-video/equipo-de-sonido/ver-todo-equipo-de-sonido?source=menu&page=4
tecnologia,,https://impulso.com.pe/images/product_images/grandes/27428_impulso.jpg,MICRONICS,MICRONICS PARLANTE BENETTON,S/ 320,tv-video,equipo-de-sonido,https://simple.ripley.com.pe/tv-y-video/equipo-de-sonido/ver-todo-equipo-de-sonido?source=menu&page=4
tecnologia,,//home.ripley.com.pe/Attachment/WOP_3/2065192658833/2065192658833_2.jpg,SONY,SONY PARLANTE SRS-XB20 BLUETOOTH - NEGRO,S/ 189,tv-video,audio-portatil,https://simple.ripley.com.pe/tv-y-video/audio-portatil/ver-todo-audio-portatil?source=menu&page=4
tecnologia,,//home.ripley.com.pe/Attachment/WOP_3/2065192658680/2065192658680_2.jpg,SONY,SONY AUDÍFONOS MDREX110AP IN EAR - MORADO,S/ 99,tv-video,audio-portatil,https://simple.ripley.com.pe/tv-y-video/audio-portatil/ver-todo-audio-portatil?source=menu&page=4
tecnologia,,//home.ripley.com.pe/Attachment/WOP_4/2018186988799/2018186988799_2.jpg,SONY,SONY HOME THEATER HT-RT3 5.1 - NEGRO,"S/ 1,199",tv-video,equipo-de-sonido,https://simple.ripley.com.pe/tv-y-video/equipo-de-sonido/ver-todo-equipo-de-sonido?source=menu&page=2
tecnologia,,//home.ripley.com.pe/Attachment/WOP_4/2018197179902/2018197179902_2.jpg,PIONEER,PIONEER MICROCOMPONENTE X-EM16 10W,S/ 399,tv-video,equipo-de-sonido,https://simple.ripley.com.pe/tv-y-video/equipo-de-sonido/ver-todo-equipo-de-sonido?source=menu&page=2
tecnologia,,//home.ripley.com.pe/Attachment/WOP_2/2065181027565/2065181027565_2.jpg,SONY,SONY AUDÍFONOS IN EAR MDR-EEX15AP - AZUL,S/ 39,tv-video,audio-portatil,https://simple.ripley.com.pe/tv-y-video/audio-portatil/ver-todo-audio-portatil?source=menu&page=2
tecnologia,,//home.ripley.com.pe/Attachment/WOP_2/2065181027473/2065181027473_2.jpg,SONY,SONY AUDÍFONOS IN EAR MDR-AS210AP - NEGRO,S/ 79,tv-video,audio-portatil,https://simple.ripley.com.pe/tv-y-video/audio-portatil/ver-todo-audio-portatil?source=menu&page=2
tecnologia,,//home.ripley.com.pe/Attachment/WOP_5/2018218884846/2018218884846_2.jpg,PANASONIC,PANASONIC MINICOMPONENTE ONE BOX SC-UA30PUK 300W,S/ 799,tv-video,equipo-de-sonido,https://simple.ripley.com.pe/tv-y-video/equipo-de-sonido/ver-todo-equipo-de-sonido?source=menu&page=3
tecnologia,,//home.ripley.com.pe/Attachment/WOP_2/2065183140910/2065183140910_2.jpg,SONY,SONY AUDÍFONOS MDRAS210APWQLA,S/ 79,tv-video,audio-portatil,https://simple.ripley.com.pe/tv-y-video/audio-portatil/ver-todo-audio-portatil?source=menu&page=3
tecnologia,,https://impulso.com.pe/images/product_images/26829_impulso.jpg,MICRONICS,MICRONICS EQUIPO DE SONIDO VENETTO 2.1 - NEGRO,S/ 499.90,tv-video,equipo-de-sonido,https://simple.ripley.com.pe/tv-y-video/equipo-de-sonido/ver-todo-equipo-de-sonido?source=menu&page=4
tecnologia,,//home.ripley.com.pe/Attachment/WOP_3/2065192658710/2065192658710_2.jpg,SONY,SONY AUDÍFONOS MDRXB550AP OVER EAR - ROJO,S/ 199,tv-video,audio-portatil,https://simple.ripley.com.pe/tv-y-video/audio-portatil/ver-todo-audio-portatil?source=menu&page=4
tecnologia,,//home.ripley.com.pe/Attachment/WOP_3/2065192658673/2065192658673_2.jpg,SONY,SONY AUDÍFONOS MDREX110AP IN EAR - ROSADO,S/ 99,tv-video,audio-portatil,https://simple.ripley.com.pe/tv-y-video/audio-portatil/ver-todo-audio-portatil?source=menu&page=4
tecnologia,,//home.ripley.com.pe/Attachment/WOP_4/2018197179889/2018197179889_2.jpg,PIONEER,PIONEER MINICOMPONENTE X-CM56 15W + 15W,S/ 699,tv-video,equipo-de-sonido,https://simple.ripley.com.pe/tv-y-video/equipo-de-sonido/ver-todo-equipo-de-sonido?source=menu&page=2
tecnologia,,//home.ripley.com.pe/Attachment/WOP_4/2018197179872/2018197179872_2.jpg,PIONEER,PIONEER MICROCOMPONENTE X-HM26 15W + 15W,S/ 849,tv-video,equipo-de-sonido,https://simple.ripley.com.pe/tv-y-video/equipo-de-sonido/ver-todo-equipo-de-sonido?source=menu&page=2
tecnologia,,//home.ripley.com.pe/Attachment/WOP_2/2065181027428/2065181027428_2.jpg,SONY,SONY AUDÍFONOS MDRAS410APBQLA,S/ 89,tv-video,audio-portatil,https://simple.ripley.com.pe/tv-y-video/audio-portatil/ver-todo-audio-portatil?source=menu&page=2
tecnologia,,//home.ripley.com.pe/Attachment/WOP_3/2018186482891/2018186482891_2.jpg,,LG MINICOMPONENTE CJ45 720W,S/ 699,tv-video,equipo-de-sonido,https://simple.ripley.com.pe/tv-y-video/equipo-de-sonido/ver-todo-equipo-de-sonido?source=menu&page=3
tecnologia,,//home.ripley.com.pe/Attachment/WOP_2/2065136651302/2065136651302_2.jpg,,Audífonos In-Ear MDR-E9LP Negro,S/ 29,tv-video,audio-portatil,https://simple.ripley.com.pe/tv-y-video/audio-portatil/ver-todo-audio-portatil?source=menu&page=3
tecnologia,,https://impulso.com.pe/images/product_images/grandes/25977_impulso.jpg,MICRONICS,MICRONICS PARLANTE BUTTERFLY,S/ 280,tv-video,equipo-de-sonido,https://simple.ripley.com.pe/tv-y-video/equipo-de-sonido/ver-todo-equipo-de-sonido?source=menu&page=4
tecnologia,,https://imagizer.imageshack.com/v2/378x356q90/922/wFhR7v.jpg,MICRONICS,MICRONICS EQUIPO DE SONIDO OTHELO 2.1 - NEGRO,S/ 499.90,tv-video,equipo-de-sonido,https://simple.ripley.com.pe/tv-y-video/equipo-de-sonido/ver-todo-equipo-de-sonido?source=menu&page=4
tecnologia,,//home.ripley.com.pe/Attachment/WOP_3/2065192658734/2065192658734_2.jpg,SONY,SONY AUDÍFONOS MDRXB550AP OVER EAR - BLANCO,S/ 199,tv-video,audio-portatil,https://simple.ripley.com.pe/tv-y-video/audio-portatil/ver-todo-audio-portatil?source=menu&page=4
tecnologia,,//home.ripley.com.pe/Attachment/WOP_3/2065192658697/2065192658697_2.jpg,SONY,SONY AUDÍFONOS MDRXB550AP OVER EAR - NEGRO,S/ 199,tv-video,audio-portatil,https://simple.ripley.com.pe/tv-y-video/audio-portatil/ver-todo-audio-portatil?source=menu&page=4
tecnologia,,https://impulso.com.pe/images/product_images/grandes/27422_impulso.jpg,MICRONICS,MICRONICS PARLANTE TWISTER,S/ 180,tv-video,equipo-de-sonido,https://simple.ripley.com.pe/tv-y-video/equipo-de-sonido/ver-todo-equipo-de-sonido?source=menu&page=2
tecnologia,,//home.ripley.com.pe/Attachment/WOP_4/2018197179858/2018197179858_2.jpg,PIONEER,PIONEER EQUIPO DE SONIDO VSX-932 910W 7.0,"S/ 2,399",tv-video,equipo-de-sonido,https://simple.ripley.com.pe/tv-y-video/equipo-de-sonido/ver-todo-equipo-de-sonido?source=menu&page=2
tecnologia,,//home.ripley.com.pe/Attachment/WOP_2/2065181027442/2065181027442_2.jpg,SONY,SONY AUDÍFONOS IN EAR MDR-EX15AP - NEGRO,S/ 49,tv-video,audio-portatil,https://simple.ripley.com.pe/tv-y-video/audio-portatil/ver-todo-audio-portatil?source=menu&page=2
tecnologia,,//home.ripley.com.pe/Attachment/WOP_2/2065181027435/2065181027435_2.jpg,SONY,SONY AUDÍFONOS MDRAS410APWQLA,S/ 89,tv-video,audio-portatil,https://simple.ripley.com.pe/tv-y-video/audio-portatil/ver-todo-audio-portatil?source=menu&page=2
tecnologia,,//home.ripley.com.pe/Attachment/WOP_3/2018188483131/2018188483131_2.jpg,,LG MINICOMPONENTE CJ44 480W,S/ 549,tv-video,equipo-de-sonido,https://simple.ripley.com.pe/tv-y-video/equipo-de-sonido/ver-todo-equipo-de-sonido?source=menu&page=3
tecnologia,,//home.ripley.com.pe/Attachment/WOP_2/2018177946432/2018177946432_2.jpg,,LG MINICOMPONENTE OM7560 1000W,S/ 799.95,tv-video,equipo-de-sonido,https://simple.ripley.com.pe/tv-y-video/equipo-de-sonido/ver-todo-equipo-de-sonido?source=menu&page=3
tecnologia,,//home.ripley.com.pe/Attachment/WOP_2/2065159398697/2065159398697_2.jpg,,Audífonos In-Ear MDR-EX15LP Rosado,S/ 39,tv-video,audio-portatil,https://simple.ripley.com.pe/tv-y-video/audio-portatil/ver-todo-audio-portatil?source=menu&page=3
tecnologia,,//home.ripley.com.pe/Attachment/WOP/2065159741660/2065159741660_2.jpg,SONY,SONY AUDÍFONOS MDR-EX15LPBZUC,S/ 39,tv-video,audio-portatil,https://simple.ripley.com.pe/tv-y-video/audio-portatil/ver-todo-audio-portatil?source=menu&page=3
tecnologia,,https://impulso.com.pe/images/product_images/grandes/26631_impulso.jpg,MICRONICS,MICRONICS PARLANTE SOPRANO,S/ 290,tv-video,equipo-de-sonido,https://simple.ripley.com.pe/tv-y-video/equipo-de-sonido/ver-todo-equipo-de-sonido?source=menu&page=4
tecnologia,,//home.ripley.com.pe/Attachment/WOP_3/2065192658727/2065192658727_2.jpg,SONY,SONY AUDÍFONOS MDRXB550AP OVER EAR - VERDE,S/ 199,tv-video,audio-portatil,https://simple.ripley.com.pe/tv-y-video/audio-portatil/ver-todo-audio-portatil?source=menu&page=4
tecnologia,,//home.ripley.com.pe/Attachment/WOP_3/2065189087974/2065189087974_2.jpg,SKULLCANDY,SKULLCANDY AUDÍFONOS IN EAR JIB - NEGRO,S/ 49.90,tv-video,audio-portatil,https://simple.ripley.com.pe/tv-y-video/audio-portatil/ver-todo-audio-portatil?source=menu&page=4
tecnologia,,//home.ripley.com.pe/Attachment/WOP_4/2018193942388/2018193942388_2.jpg,PANASONIC,PANASONIC EQUIPO DE SONIDO SC-UA3 300W - NEGRO,S/ 799,tv-video,equipo-de-sonido,https://simple.ripley.com.pe/tv-y-video/equipo-de-sonido/ver-todo-equipo-de-sonido?source=menu&page=2
tecnologia,,//home.ripley.com.pe/Attachment/WOP_2/2065181027558/2065181027558_2.jpg,SONY,SONY AUDÍFONOS MDREX110APLIUC,S/ 99,tv-video,audio-portatil,https://simple.ripley.com.pe/tv-y-video/audio-portatil/ver-todo-audio-portatil?source=menu&page=2
tecnologia,,//home.ripley.com.pe/Attachment/WOP_3/2018180664590/2018180664590_2.jpg,LG,LG PARLANTE BLUETOOTH PH1 2W - NEGRO,S/ 99,tv-video,audio-portatil,https://simple.ripley.com.pe/tv-y-video/audio-portatil/ver-todo-audio-portatil?source=menu&page=2
tecnologia,,//home.ripley.com.pe/Attachment/WOP_5/2018209244031/2018209244031_2.jpg,SONY,SONY Equipo de Sonido MHC-M40 DVD/HDMI/Bluetooth/Karaoke,"S/ 1,299",tv-video,equipo-de-sonido,https://simple.ripley.com.pe/tv-y-video/equipo-de-sonido/ver-todo-equipo-de-sonido?source=menu&page=3
tecnologia,,https://impulso.com.pe/images/product_images/grandes/26147_impulso.jpg,MICRONICS,MICRONICS PARLANTE ABSTRAC KARAOKE,S/ 250,tv-video,equipo-de-sonido,https://simple.ripley.com.pe/tv-y-video/equipo-de-sonido/ver-todo-equipo-de-sonido?source=menu&page=3
tecnologia,,//home.ripley.com.pe/Attachment/WOP/2065165004674/2065165004674_2.jpg,SONY,SONY AUDÍFONOS MDR-ZX110/PCUC,S/ 69,tv-video,audio-portatil,https://simple.ripley.com.pe/tv-y-video/audio-portatil/ver-todo-audio-portatil?source=menu&page=3
tecnologia,,//home.ripley.com.pe/Attachment/WOP/2065165004667/2065165004667_2.jpg,SONY,AUDÍFONOS MDR-ZX110/W - BLANCO,S/ 59,tv-video,audio-portatil,https://simple.ripley.com.pe/tv-y-video/audio-portatil/ver-todo-audio-portatil?source=menu&page=3
tecnologia,,https://imagizer.imageshack.com/v2/456x356q90/922/2u3u4X.jpg,MICRONICS,MICRONICS EQUIPO DE SONIDO INFINITY 2.1 - NEGRO,S/ 499.90,tv-video,equipo-de-sonido,https://simple.ripley.com.pe/tv-y-video/equipo-de-sonido/ver-todo-equipo-de-sonido?source=menu&page=4
tecnologia,,//home.ripley.com.pe/Attachment/WOP_3/2065182712651/2065182712651_2.jpg,SKULLCANDY,SKULLCANDY AUDÍFONOS IN EAR JIB - GRIS,S/ 49.90,tv-video,audio-portatil,https://simple.ripley.com.pe/tv-y-video/audio-portatil/ver-todo-audio-portatil?source=menu&page=4
tecnologia,,//home.ripley.com.pe/Attachment/WOP_3/2065178516591/2065178516591_2.jpg,SKULLCANDY,SKULLCANDY AUDÍFONOS IN EAR JIB - ROJO,S/ 49.90,tv-video,audio-portatil,https://simple.ripley.com.pe/tv-y-video/audio-portatil/ver-todo-audio-portatil?source=menu&page=4
tecnologia,,//home.ripley.com.pe/Attachment/WOP_4/2018196951011/2018196951011_2.jpg,SONY,SONY HOME THEATER HT-RT40 660W,"S/ 1,599",tv-video,equipo-de-sonido,https://simple.ripley.com.pe/tv-y-video/equipo-de-sonido/ver-todo-equipo-de-sonido?source=menu&page=2
tecnologia,,//home.ripley.com.pe/Attachment/WOP/2018154088728/2018154088728_2.jpg,SONY,SONY HOME THEATER BDV-E4100 BLURAY 1000W - NEGRO,"S/ 1,699",tv-video,equipo-de-sonido,https://simple.ripley.com.pe/tv-y-video/equipo-de-sonido/ver-todo-equipo-de-sonido?source=menu&page=2
tecnologia,,//home.ripley.com.pe/Attachment/WOP_2/2065136651333/2065136651333_2.jpg,,Audífonos In-Ear MDR-E9LP Azul,S/ 29,tv-video,audio-portatil,https://simple.ripley.com.pe/tv-y-video/audio-portatil/ver-todo-audio-portatil?source=menu&page=2
tecnologia,,//home.ripley.com.pe/Attachment/WOP_2/2065136651319/2065136651319_2.jpg,,Audífonos In-Ear MDR-E9LP Blanco,S/ 29,tv-video,audio-portatil,https://simple.ripley.com.pe/tv-y-video/audio-portatil/ver-todo-audio-portatil?source=menu&page=2
tecnologia,,//home.ripley.com.pe/Attachment/WOP_5/2018209581358/2018209581358_2.jpg,LG,LG MINICOMPONENTE ONE BODY OK75 1000W,"S/ 1,099",tv-video,equipo-de-sonido,https://simple.ripley.com.pe/tv-y-video/equipo-de-sonido/ver-todo-equipo-de-sonido?source=menu&page=3
tecnologia,,//home.ripley.com.pe/Attachment/WOP/2065165004650/2065165004650_2.jpg,SONY,SONY AUDÍFONOS MDR-ZX110/BCUC,S/ 69,tv-video,audio-portatil,https://simple.ripley.com.pe/tv-y-video/audio-portatil/ver-todo-audio-portatil?source=menu&page=3
tecnologia,,//home.ripley.com.pe/Attachment/WOP_3/2065183249323/2065183249323_2.jpg,FIDDLER,FIDDLER AUDÍFONOS DEPORTIVOS C/MICRÓFONO - AZUL,S/ 24.90,tv-video,audio-portatil,https://simple.ripley.com.pe/tv-y-video/audio-portatil/ver-todo-audio-portatil?source=menu&page=3
tecnologia,,https://impulso.com.pe/images/product_images/grandes/26647_impulso.jpg,MICRONICS,MICRONICS PARLANTE ACUSTICO 2.1,S/ 260,tv-video,equipo-de-sonido,https://simple.ripley.com.pe/tv-y-video/equipo-de-sonido/ver-todo-equipo-de-sonido?source=menu&page=4
tecnologia,,//home.ripley.com.pe/Attachment/WOP_3/2065178516577/2065178516577_2.jpg,SKULLCANDY,SKULLCANDY AUDÍFONOS IN EAR JIB - VERDE,S/ 49.90,tv-video,audio-portatil,https://simple.ripley.com.pe/tv-y-video/audio-portatil/ver-todo-audio-portatil?source=menu&page=4
tecnologia,,//home.ripley.com.pe/Attachment/WOP_3/2065178516621/2065178516621_2.jpg,SKULLCANDY,SKULLCANDY AUDÍFONOS IN EAR JIB - VERDE LIMÓN,S/ 49.90,tv-video,audio-portatil,https://simple.ripley.com.pe/tv-y-video/audio-portatil/ver-todo-audio-portatil?source=menu&page=4
tecnologia,,//home.ripley.com.pe/Attachment/WOP/2018154088711/2018154088711_2.jpg,,SONY HOME THEATER BDV-E2100 BLURAY WI-FI 1000W NEGRO,"S/ 1,299",tv-video,equipo-de-sonido,https://simple.ripley.com.pe/tv-y-video/equipo-de-sonido/ver-todo-equipo-de-sonido?source=menu&page=2
tecnologia,,https://impulso.com.pe/images/product_images/26176_impulso.jpg,MICRONICS,MICRONICS EQUIPO DE SONIDO COMPLICE 2.1-NEGRO,S/ 219.90,tv-video,equipo-de-sonido,https://simple.ripley.com.pe/tv-y-video/equipo-de-sonido/ver-todo-equipo-de-sonido?source=menu&page=2
tecnologia,,//home.ripley.com.pe/Attachment/WOP_2/2065159382818/2065159382818_2.jpg,,Reproductor de música con USB integrado NWZ-B183F Rojo,S/ 199,tv-video,audio-portatil,https://simple.ripley.com.pe/tv-y-video/audio-portatil/ver-todo-audio-portatil?source=menu&page=2
tecnologia,,//home.ripley.com.pe/Attachment/WOP_2/2065159382795/2065159382795_2.jpg,,Reproductor de música con USB integrado NWZ-B183F Negro,S/ 199,tv-video,audio-portatil,https://simple.ripley.com.pe/tv-y-video/audio-portatil/ver-todo-audio-portatil?source=menu&page=2
tecnologia,,//home.ripley.com.pe/Attachment/WOP_5/2018211054444/2018211054444_2.jpg,LG,LG MINICOMPONENTE CK57 1100W,S/ 899,tv-video,equipo-de-sonido,https://simple.ripley.com.pe/tv-y-video/equipo-de-sonido/ver-todo-equipo-de-sonido?source=menu&page=3
tecnologia,,//home.ripley.com.pe/Attachment/WOP_4/2065197180049/2065197180049_2.jpg,BOSE,BOSE ALTAVOZ SOUNDLINK COLOR II BLUETOOTH - BLANCO,S/ 599,tv-video,audio-portatil,https://simple.ripley.com.pe/tv-y-video/audio-portatil/ver-todo-audio-portatil?source=menu&page=3
tecnologia,,//home.ripley.com.pe/Attachment/WOP_4/2065197180032/2065197180032_2.jpg,BOSE,BOSE ALTAVOZ SOUNDLINK COLOR II BLUETOOTH - NEGRO,S/ 599,tv-video,audio-portatil,https://simple.ripley.com.pe/tv-y-video/audio-portatil/ver-todo-audio-portatil?source=menu&page=3
tecnologia,,https://imagizer.imageshack.com/v2/386x356q90/922/pn8hnX.jpg,MICRONICS,MICRONICS EQUIPO DE SONIDO SHELBY 2.1 - NEGRO,S/ 499.90,tv-video,equipo-de-sonido,https://simple.ripley.com.pe/tv-y-video/equipo-de-sonido/ver-todo-equipo-de-sonido?source=menu&page=4
tecnologia,,https://impulso.com.pe/images/product_images/grandes/26852_impulso.jpg,MICRONICS,MICRONICS PARLANTE CLIPPER 2.1,S/ 150,tv-video,equipo-de-sonido,https://simple.ripley.com.pe/tv-y-video/equipo-de-sonido/ver-todo-equipo-de-sonido?source=menu&page=4
tecnologia,,//home.ripley.com.pe/Attachment/WOP_2/2065192658796/2065192658796_2.jpg,SONY,SONY PARLANTE SRS-XB30 BLUETOOTH - AZUL,,tv-video,audio-portatil,https://simple.ripley.com.pe/tv-y-video/audio-portatil/ver-todo-audio-portatil?source=menu&page=4
tecnologia,,//home.ripley.com.pe/Attachment/WOP/2018176495924/2018176495924_2.jpg,,LG TORRE OM4560 220W,S/ 499,tv-video,equipo-de-sonido,https://simple.ripley.com.pe/tv-y-video/equipo-de-sonido/ver-todo-equipo-de-sonido?source=menu&page=2
tecnologia,,//home.ripley.com.pe/Attachment/WOP/2018176495856/2018176495856_2.jpg,,LG MINI COMPONENTE CM4360 230W CON BLUETOOTH - NEGRO,S/ 399,tv-video,equipo-de-sonido,https://simple.ripley.com.pe/tv-y-video/equipo-de-sonido/ver-todo-equipo-de-sonido?source=menu&page=2
tecnologia,,//home.ripley.com.pe/Attachment/WOP/2065159741677/2065159741677_2.jpg,SONY,AUDIFONOS IN EAR SONY MDR-EX15LP,S/ 39,tv-video,audio-portatil,https://simple.ripley.com.pe/tv-y-video/audio-portatil/ver-todo-audio-portatil?source=menu&page=2
tecnologia,,//home.ripley.com.pe/Attachment/WOP_2/2065141408595/2065141408595_2.jpg,,Audífonos In-Ear MDR-E9LP Rosado,S/ 29,tv-video,audio-portatil,https://simple.ripley.com.pe/tv-y-video/audio-portatil/ver-todo-audio-portatil?source=menu&page=2
tecnologia,,//home.ripley.com.pe/Attachment/WOP_5/2018212916321/2018212916321_2.jpg,PANASONIC,PANASONIC MINICOMPONENTE SC-AKX710PUK 2000W,"S/ 1,199",tv-video,equipo-de-sonido,https://simple.ripley.com.pe/tv-y-video/equipo-de-sonido/ver-todo-equipo-de-sonido?source=menu&page=3
tecnologia,,//home.ripley.com.pe/Attachment/WOP_4/2065197180025/2065197180025_2.jpg,BOSE,BOSE ALTAVOZ SOUNDLINK COLOR II BLUETOOTH - ROJO,S/ 599,tv-video,audio-portatil,https://simple.ripley.com.pe/tv-y-video/audio-portatil/ver-todo-audio-portatil?source=menu&page=3
tecnologia,,//home.ripley.com.pe/Attachment/WOP_4/2065197180018/2065197180018_2.jpg,BOSE,BOSE ALTAVOZ SOUNDLINK COLOR II BLUETOOTH - AZUL,S/ 599,tv-video,audio-portatil,https://simple.ripley.com.pe/tv-y-video/audio-portatil/ver-todo-audio-portatil?source=menu&page=3
tecnologia,,https://imagizer.imageshack.com/v2/456x356q90/922/2u3u4X.jpg,MICRONICS,MICRONICS EQUIPO DE SONIDO SPECTRE 2.1 - NEGRO,S/ 499.90,tv-video,equipo-de-sonido,https://simple.ripley.com.pe/tv-y-video/equipo-de-sonido/ver-todo-equipo-de-sonido?source=menu&page=4
tecnologia,,//home.ripley.com.pe/Attachment/WOP/2018176758555/2018176758555_2.jpg,SONY,SONY Equipo de Sonido Bluetooth/Karaoke MHC-V11,"S/ 1,199",tv-video,equipo-de-sonido,https://simple.ripley.com.pe/tv-y-video/equipo-de-sonido/ver-todo-equipo-de-sonido?source=menu&page=2
tecnologia,,//home.ripley.com.pe/Attachment/WOP_5/2018209244024/2018209244024_2.jpg,SONY,SONY Equipo de Sonido MHC-M60 DVD/HDMI/Bluetooth/Karaoke,"S/ 1,799",tv-video,equipo-de-sonido,https://simple.ripley.com.pe/tv-y-video/equipo-de-sonido/ver-todo-equipo-de-sonido?source=menu&page=2
tecnologia,,//home.ripley.com.pe/Attachment/WOP/2065172977695/2065172977695_2.jpg,BOSE,BOSE SISTEMA DE MUSICA WI-FI SOUNDTOUCH 20 SERIE III - NEGRO,"S/ 1,699",tv-video,audio-portatil,https://simple.ripley.com.pe/tv-y-video/audio-portatil/ver-todo-audio-portatil?source=menu&page=2
tecnologia,,//home.ripley.com.pe/Attachment/WOP/2065174579019/2065174579019_2.jpg,BOSE,BOSE AUDÍFONOS BLUETOOTH SOUNDLINK - NEGRO,"S/ 1,199",tv-video,audio-portatil,https://simple.ripley.com.pe/tv-y-video/audio-portatil/ver-todo-audio-portatil?source=menu&page=2
tecnologia,,//home.ripley.com.pe/Attachment/WOP_3/2018186482914/2018186482914_2.jpg,LG,LG MINICOMPONENTE ONE BODY OJ98 1800W,"S/ 1,499",tv-video,equipo-de-sonido,https://simple.ripley.com.pe/tv-y-video/equipo-de-sonido/ver-todo-equipo-de-sonido?source=menu&page=3
tecnologia,,//home.ripley.com.pe/Attachment/WOP_5/2018209244000/2018209244000_2.jpg,SONY,SONY Equipo de Sonido HDMI/Bluetooth/Karaoke MHC-V41D,"S/ 1,699",tv-video,equipo-de-sonido,https://simple.ripley.com.pe/tv-y-video/equipo-de-sonido/ver-todo-equipo-de-sonido?source=menu&page=3
tecnologia,,//home.ripley.com.pe/Attachment/WOP_4/2065197179999/2065197179999_2.jpg,BOSE,BOSE ALTAVOZ SOUNDLINK REVOLVE BLUETOOTH - PLATEADO,S/ 899,tv-video,audio-portatil,https://simple.ripley.com.pe/tv-y-video/audio-portatil/ver-todo-audio-portatil?source=menu&page=3
tecnologia,,//home.ripley.com.pe/Attachment/WOP_4/2065197179982/2065197179982_2.jpg,BOSE,BOSE ALTAVOZ SOUNDLINK REVOLVE BLUETOOTH - NEGRO,S/ 899,tv-video,audio-portatil,https://simple.ripley.com.pe/tv-y-video/audio-portatil/ver-todo-audio-portatil?source=menu&page=3
tecnologia,,https://impulso.com.pe/images/product_images/grandes/26804_impulso.jpg,MICRONICS,MICRONICS PARLANTE COMMODORO 2.1,S/ 190,tv-video,equipo-de-sonido,https://simple.ripley.com.pe/tv-y-video/equipo-de-sonido/ver-todo-equipo-de-sonido?source=menu&page=4
tecnologia,,https://imagizer.imageshack.com/v2/495x356q90/923/5pgYG0.jpg,MICRONICS,MICRONICS EQUIPO DE SONIDO TITANIUM 300 2.1 - NEGRO,S/ 599.90,tv-video,equipo-de-sonido,https://simple.ripley.com.pe/tv-y-video/equipo-de-sonido/ver-todo-equipo-de-sonido?source=menu&page=4
tecnologia,,https://impulso.com.pe/images/product_images/grandes/26719_impulso.jpg,MICRONICS,MICRONICS PARLANTE IBIZA,S/ 180,tv-video,equipo-de-sonido,https://simple.ripley.com.pe/tv-y-video/equipo-de-sonido/ver-todo-equipo-de-sonido?source=menu&page=2
tecnologia,,//home.ripley.com.pe/Attachment/WOP_5/2018211054611/2018211054611_2.jpg,LG,LG MINICOMPONENTE OK55 500W,S/ 999,tv-video,equipo-de-sonido,https://simple.ripley.com.pe/tv-y-video/equipo-de-sonido/ver-todo-equipo-de-sonido?source=menu&page=2
tecnologia,,//home.ripley.com.pe/Attachment/WOP_2/2065177273914/2065177273914_2.jpg,,Reproductor de música digital NW-E393 Negro,S/ 299,tv-video,audio-portatil,https://simple.ripley.com.pe/tv-y-video/audio-portatil/ver-todo-audio-portatil?source=menu&page=2
tecnologia,,https://impulso.com.pe/images/product_images/26636_impulso.jpg,MICRONICS,MICRONICS EQUIPO DE SONIDO CONCORDE 2.1-NEGRO,S/ 499.90,tv-video,equipo-de-sonido,https://simple.ripley.com.pe/tv-y-video/equipo-de-sonido/ver-todo-equipo-de-sonido?source=menu&page=3
tecnologia,,//home.ripley.com.pe/Attachment/WOP_2/2018181139158/2018181139158_2.jpg,,SONY Equipo de Sonido Bluetooth/Karaoke MHC-GT7DW,"S/ 3,499",tv-video,equipo-de-sonido,https://simple.ripley.com.pe/tv-y-video/equipo-de-sonido/ver-todo-equipo-de-sonido?source=menu&page=3
tecnologia,,//home.ripley.com.pe/Attachment/WOP_4/2065197179975/2065197179975_2.jpg,BOSE,BOSE ALTAVOZ SOUNDLINK REVOLVE+ BLUETOOTH - PLATEADO,"S/ 1,399",tv-video,audio-portatil,https://simple.ripley.com.pe/tv-y-video/audio-portatil/ver-todo-audio-portatil?source=menu&page=3
tecnologia,,//home.ripley.com.pe/Attachment/WOP_4/2065197179968/2065197179968_2.jpg,BOSE,BOSE ALTAVOZ SOUNDLINK REVOLVE+ BLUETOOTH - NEGRO,"S/ 1,399",tv-video,audio-portatil,https://simple.ripley.com.pe/tv-y-video/audio-portatil/ver-todo-audio-portatil?source=menu&page=3
tecnologia,,https://impulso.com.pe/images/product_images/grandes/26665_impulso.jpg,MICRONICS,MICRONICS PARLANTE GOTICO 2.1,S/ 180,tv-video,equipo-de-sonido,https://simple.ripley.com.pe/tv-y-video/equipo-de-sonido/ver-todo-equipo-de-sonido?source=menu&page=4
tecnologia,,https://imageshack.com/a/img923/9884/SF1oRK.jpg,MICRONICS,MICRONICS PARLANTE EQUIPO DE SONIDO 2.1 BEAT MIC S6017BT - NEGRO,S/ 169.90,tv-video,equipo-de-sonido,https://simple.ripley.com.pe/tv-y-video/equipo-de-sonido/ver-todo-equipo-de-sonido?source=menu&page=4
tecnologia,,//home.ripley.com.pe/Attachment/WOP_5/2018212916338/2018212916338_2.jpg,PANASONIC,PANASONIC MINICOMPONENTE SC-AKX910PUK 2200W,"S/ 1,649",tv-video,equipo-de-sonido,https://simple.ripley.com.pe/tv-y-video/equipo-de-sonido/ver-todo-equipo-de-sonido?source=menu&page=2
tecnologia,,//home.ripley.com.pe/Attachment/WOP_5/2018212916369/2018212916369_2.jpg,PANASONIC,PANASONIC MINICOMPONENTE ONE BOX SC-UA90PUK 2000W,"S/ 1,799",tv-video,equipo-de-sonido,https://simple.ripley.com.pe/tv-y-video/equipo-de-sonido/ver-todo-equipo-de-sonido?source=menu&page=2
tecnologia,,//home.ripley.com.pe/Attachment/WOP_3/2018191449247/2018191449247_2.jpg,,SONY Equipo de Sonido DVD/Karaoke HCDSHAKEX70,"S/ 3,699",tv-video,equipo-de-sonido,https://simple.ripley.com.pe/tv-y-video/equipo-de-sonido/ver-todo-equipo-de-sonido?source=menu&page=3
tecnologia,,https://impulso.com.pe/images/product_images/grandes/26609_impulso.jpg,MICRONICS,MICRONICS PARLANTE GYPSY,S/ 250,tv-video,equipo-de-sonido,https://simple.ripley.com.pe/tv-y-video/equipo-de-sonido/ver-todo-equipo-de-sonido?source=menu&page=4
tecnologia,,https://impulso.com.pe/images/product_images/grandes/26671_impulso.jpg,MICRONICS,MICRONICS PARLANTE LIBERTY 2.1,S/ 180,tv-video,equipo-de-sonido,https://simple.ripley.com.pe/tv-y-video/equipo-de-sonido/ver-todo-equipo-de-sonido?source=menu&page=4
tecnologia,,//home.ripley.com.pe/Attachment/WOP_5/2018212993087/2018212993087_2.jpg,SONY,SONY Equipo de Sonido HDMI/Bluetooth/Karaoke MHC-V21D,"S/ 1,299",tv-video,equipo-de-sonido,https://simple.ripley.com.pe/tv-y-video/equipo-de-sonido/ver-todo-equipo-de-sonido?source=menu&page=2
tecnologia,,//home.ripley.com.pe/Attachment/WOP_2/2018214727093/2018214727093_2.jpg,PANASONIC,PANASONIC MINI COMPONENTE SC-AKX510,S/ 699,tv-video,equipo-de-sonido,https://simple.ripley.com.pe/tv-y-video/equipo-de-sonido/ver-todo-equipo-de-sonido?source=menu&page=2
tecnologia,,//home.ripley.com.pe/Attachment/WOP/2018169233250/2018169233250_2.jpg,,SONY Equipo de Sonido Bluetooth/Karaoke MHC-GT3D,"S/ 1,899",tv-video,equipo-de-sonido,https://simple.ripley.com.pe/tv-y-video/equipo-de-sonido/ver-todo-equipo-de-sonido?source=menu&page=3
tecnologia,,https://impulso.com.pe/images/product_images/grandes/26881_impulso.jpg,MICRONICS,MICRONICS PARLANTE HYPNOTIC 2.1,S/ 230,tv-video,equipo-de-sonido,https://simple.ripley.com.pe/tv-y-video/equipo-de-sonido/ver-todo-equipo-de-sonido?source=menu&page=4
tecnologia,,https://www.impulso.com.pe/images/product_images/26930_impulso.jpg,MICRONICS,MICRONICS EQUIPO DE SONIDO VOLTAIRE 2.1-NEGRO,S/ 299.90,tv-video,equipo-de-sonido,https://simple.ripley.com.pe/tv-y-video/equipo-de-sonido/ver-todo-equipo-de-sonido?source=menu&page=2
tecnologia,,//home.ripley.com.pe/Attachment/WOP_2/2018180598987/2018180598987_2.jpg,SONY,SONY MINI SISTEMA DE AUDIO MHC-V77DW 1440W - NEGRO,,tv-video,equipo-de-sonido,https://simple.ripley.com.pe/tv-y-video/equipo-de-sonido/ver-todo-equipo-de-sonido?source=menu&page=2
tecnologia,,//home.ripley.com.pe/Attachment/WOP/2018176570850/2018176570850_2.jpg,,SONY Equipo de Sonido HDMI/Bluetooth/Karaoke MHC-GT4D,"S/ 2,699",tv-video,equipo-de-sonido,https://simple.ripley.com.pe/tv-y-video/equipo-de-sonido/ver-todo-equipo-de-sonido?source=menu&page=3
tecnologia,,https://impulso.com.pe/images/product_images/grandes/26530_impulso.jpg,MICRONICS,MICRONICS PARLANTE ATENEO ADVANCE,S/ 230,tv-video,equipo-de-sonido,https://simple.ripley.com.pe/tv-y-video/equipo-de-sonido/ver-todo-equipo-de-sonido?source=menu&page=3
tecnologia,,https://impulso.com.pe/images/product_images/grandes/27265_impulso.jpg,MICRONICS,MICRONICS PARLANTE SOUND BAR OP STAR SOUND,S/ 280,tv-video,equipo-de-sonido,https://simple.ripley.com.pe/tv-y-video/equipo-de-sonido/ver-todo-equipo-de-sonido?source=menu&page=4
tecnologia,,https://impulso.com.pe/images/product_images/grandes/26698_impulso.jpg,MICRONICS,MICRONICS PARLANTE SOHOO 2.1,S/ 180,tv-video,equipo-de-sonido,https://simple.ripley.com.pe/tv-y-video/equipo-de-sonido/ver-todo-equipo-de-sonido?source=menu&page=4
tecnologia,,https://impulso.com.pe/images/product_images/26537_impulso.jpg,MICRONICS,MICRONICS EQUIPO DE SONIDO BABYLON 2.1-NEGRO,S/ 499.90,tv-video,equipo-de-sonido,https://simple.ripley.com.pe/tv-y-video/equipo-de-sonido/ver-todo-equipo-de-sonido?source=menu&page=3
tecnologia,,https://impulso.com.pe/images/product_images/grandes/27181_impulso.jpg,MICRONICS,MICRONICS PARLANTE VERTICAL BRICKELL,S/ 280,tv-video,equipo-de-sonido,https://simple.ripley.com.pe/tv-y-video/equipo-de-sonido/ver-todo-equipo-de-sonido?source=menu&page=4
tecnologia,,https://impulso.com.pe/images/product_images/grandes/26128_impulso.jpg,MICRONICS,MICRONICS PARLANTE LOGIC,S/ 250,tv-video,equipo-de-sonido,https://simple.ripley.com.pe/tv-y-video/equipo-de-sonido/ver-todo-equipo-de-sonido?source=menu&page=4
tecnologia,,https://impulso.com.pe/images/product_images/grandes/26691_impulso.jpg,MICRONICS,MICRONICS PARLANTE FUTURE,S/ 250,tv-video,equipo-de-sonido,https://simple.ripley.com.pe/tv-y-video/equipo-de-sonido/ver-todo-equipo-de-sonido?source=menu&page=3
tecnologia,,https://impulso.com.pe/images/product_images/26798_impulso.jpg,MICRONICS,MICRONICS EQUIPO DE SONIDO VESUBIO 2.1-NEGRO,S/ 499.90,tv-video,equipo-de-sonido,https://simple.ripley.com.pe/tv-y-video/equipo-de-sonido/ver-todo-equipo-de-sonido?source=menu&page=3
tecnologia,,https://impulso.com.pe/images/product_images/grandes/26930_impulso.jpg,MICRONICS,MICRONICS PARLANTE VOLTAIRE,S/ 250,tv-video,equipo-de-sonido,https://simple.ripley.com.pe/tv-y-video/equipo-de-sonido/ver-todo-equipo-de-sonido?source=menu&page=3
tecnologia,,https://www.impulso.com.pe/images/product_images/26806_impulso.jpg,MICRONICS,MICRONICS EQUIPO DE SONIDO PLATINUM 2.1 200 -NEGRO,S/ 499.90,tv-video,equipo-de-sonido,https://simple.ripley.com.pe/tv-y-video/equipo-de-sonido/ver-todo-equipo-de-sonido?source=menu&page=3
tecnologia,,https://impulso.com.pe/images/product_images/grandes/25718_impulso.jpg,MICRONICS,MICRONICS PARLANTE FRATELLO,S/ 280,tv-video,equipo-de-sonido,https://simple.ripley.com.pe/tv-y-video/equipo-de-sonido/ver-todo-equipo-de-sonido?source=menu&page=3
tecnologia,,https://impulso.com.pe/images/product_images/26603_impulso.jpg,MICRONICS,MICRONICS EQUIPO DE SONIDO ECLIPSE 2.1 - NEGRO,S/ 499.90,tv-video,equipo-de-sonido,https://simple.ripley.com.pe/tv-y-video/equipo-de-sonido/ver-todo-equipo-de-sonido?source=menu&page=3
